{"meta": {"train_size": 200, "val_size": 200, "epoch": 40, "cuda": true}, "iter_history": {"val_loss": [2.0916435718536377, 2.171485424041748, 2.189171075820923, 2.2761802673339844, 2.0189311504364014, 1.8320173025131226, 1.8719992637634277, 1.7495691776275635, 1.5964454412460327, 1.6783162355422974, 1.6226224899291992, 1.7108280658721924, 1.379596471786499, 1.400359034538269, 1.3664687871932983, 1.6072490215301514, 1.1959303617477417, 1.1374322175979614, 1.2292433977127075, 0.9909999370574951, 0.9428310990333557, 1.0420875549316406, 1.0190030336380005, 0.9902541637420654, 0.9166598916053772, 0.7599773406982422, 0.8283995389938354, 1.1115365028381348, 0.7399051189422607, 0.8363199830055237, 0.5411276817321777, 0.7829967737197876, 0.597476065158844, 0.6393810510635376, 0.6446584463119507, 0.2902611196041107, 0.5386033654212952, 0.6074932217597961, 0.4231124818325043, 0.8666061758995056, 0.437889963388443, 0.5044465065002441, 0.4441710114479065, 0.7205810546875, 0.3359319269657135, 0.4375821650028229, 0.46608197689056396, 0.6902287602424622, 0.32414305210113525, 0.3144872486591339, 0.4486147463321686, 0.7898954153060913, 0.296983927488327, 0.3416074514389038, 0.3874668776988983, 0.689092755317688, 0.3258856236934662, 0.2847769856452942, 0.39446526765823364, 0.630994975566864, 0.32801660895347595, 0.3962140381336212, 0.33804255723953247, 0.13793975114822388, 0.35984018445014954, 0.35386672616004944, 0.25766775012016296, 0.2896953523159027, 0.29804036021232605, 0.29627281427383423, 0.34401369094848633, 0.3218814730644226, 0.32633811235427856, 0.33350852131843567, 0.2632496654987335, 0.2813941538333893, 0.3703896403312683, 0.30760568380355835, 0.22213375568389893, 0.35011041164398193, 0.23684841394424438, 0.3124487102031708, 0.3113701343536377, 0.33905741572380066, 0.317722886800766, 0.2835308611392975, 0.22855255007743835, 0.0954064130783081, 0.2907566726207733, 0.24041137099266052, 0.2734106481075287, 0.2560480833053589, 0.28486186265945435, 0.27338069677352905, 0.2835692763328552, 0.1152711808681488, 0.2053888738155365, 0.2573500871658325, 0.29220208525657654, 0.6715200543403625, 0.23907452821731567, 0.26903092861175537, 0.26702404022216797, 0.36063531041145325, 0.203363299369812, 0.30065029859542847, 0.2914574146270752, 0.269330769777298, 0.27602988481521606, 0.21304075419902802, 0.2685427665710449, 0.46496105194091797, 0.23264175653457642, 0.29065996408462524, 0.2574232816696167, 0.1596629023551941, 0.3010270893573761, 0.24995067715644836, 0.2291211187839508, 0.11588677763938904, 0.1902954876422882, 0.32840755581855774, 0.2373875230550766, 0.23946699500083923, 0.2640928626060486, 0.2588382065296173, 0.2647576630115509, 0.12763163447380066, 0.21745289862155914, 0.2720143795013428, 0.3055107891559601, 0.3209563195705414, 0.2746826410293579, 0.2714318633079529, 0.24091210961341858, 0.35425713658332825, 0.23105691373348236, 0.2077871412038803, 0.29320043325424194, 0.07730758190155029, 0.34357938170433044, 0.19186970591545105, 0.1559038907289505, 0.27508026361465454, 0.23118062317371368, 0.20130053162574768, 0.2363092601299286, 0.152241051197052, 0.21221378445625305, 0.1690601408481598, 0.23394960165023804, 0.23010572791099548, 0.22563990950584412, 0.1953938603401184, 0.1949251890182495, 0.18555748462677002, 0.14130626618862152, 0.22494810819625854, 0.19820347428321838, 0.5950381755828857], "acc": [0.09375, 0.078125, 0.203125, 0.5, 0.25, 0.359375, 0.4375, 0.5, 0.546875, 0.515625, 0.625, 0.625, 0.6875, 0.6875, 0.59375, 0.375, 0.703125, 0.640625, 0.65625, 0.625, 0.734375, 0.6875, 0.734375, 0.875, 0.703125, 0.671875, 0.734375, 0.875, 0.765625, 0.75, 0.734375, 0.875, 0.796875, 0.765625, 0.8125, 1.0, 0.859375, 0.8125, 0.84375, 1.0, 0.796875, 0.875, 0.796875, 0.625, 0.78125, 0.875, 0.84375, 1.0, 0.875, 0.9375, 0.84375, 0.75, 0.890625, 0.828125, 0.890625, 0.75, 0.859375, 0.796875, 0.859375, 0.875, 0.828125, 0.875, 0.875, 0.875, 0.9375, 0.84375, 0.875, 0.625, 0.96875, 0.875, 0.828125, 0.625, 0.828125, 0.859375, 0.90625, 0.875, 0.921875, 0.90625, 0.875, 0.75, 0.90625, 0.9375, 0.921875, 0.625, 0.875, 0.875, 0.90625, 0.625, 0.859375, 0.953125, 0.921875, 1.0, 0.9375, 0.90625, 0.90625, 0.75, 0.96875, 0.9375, 0.921875, 0.75, 0.953125, 0.953125, 0.9375, 0.875, 0.921875, 0.921875, 0.921875, 0.875, 0.953125, 0.96875, 0.9375, 1.0, 0.90625, 0.953125, 0.90625, 0.875, 0.953125, 0.9375, 0.875, 0.875, 0.890625, 0.90625, 0.96875, 0.875, 0.9375, 0.921875, 0.9375, 0.875, 0.96875, 0.828125, 0.90625, 1.0, 0.953125, 0.984375, 0.9375, 1.0, 0.953125, 1.0, 0.984375, 1.0, 0.921875, 0.953125, 0.96875, 1.0, 0.875, 0.9375, 0.953125, 1.0, 0.921875, 0.984375, 1.0, 1.0, 0.921875, 0.9375, 0.953125, 1.0, 0.921875, 0.9375, 0.921875, 0.875], "val_acc": [0.203125, 0.109375, 0.140625, 0.125, 0.234375, 0.421875, 0.328125, 0.5, 0.578125, 0.46875, 0.46875, 0.375, 0.59375, 0.59375, 0.65625, 0.5, 0.65625, 0.703125, 0.671875, 0.75, 0.734375, 0.671875, 0.671875, 0.75, 0.6875, 0.765625, 0.796875, 0.625, 0.78125, 0.734375, 0.9375, 0.625, 0.8125, 0.84375, 0.84375, 1.0, 0.890625, 0.84375, 0.9375, 0.75, 0.921875, 0.84375, 0.90625, 0.75, 0.9375, 0.90625, 0.890625, 0.75, 0.953125, 0.921875, 0.859375, 0.75, 0.96875, 0.953125, 0.890625, 0.75, 0.890625, 0.953125, 0.90625, 0.75, 0.90625, 0.890625, 0.9375, 1.0, 0.875, 0.90625, 0.9375, 0.875, 0.921875, 0.921875, 0.890625, 1.0, 0.9375, 0.921875, 0.921875, 0.875, 0.875, 0.953125, 0.96875, 0.875, 0.90625, 0.90625, 0.921875, 1.0, 0.875, 0.90625, 0.96875, 1.0, 0.921875, 0.921875, 0.96875, 1.0, 0.921875, 0.90625, 0.953125, 1.0, 0.953125, 0.953125, 0.90625, 0.75, 0.953125, 0.9375, 0.921875, 0.875, 0.953125, 0.9375, 0.921875, 0.875, 0.9375, 0.96875, 0.90625, 0.875, 0.921875, 0.921875, 0.953125, 1.0, 0.921875, 0.90625, 0.96875, 1.0, 0.984375, 0.90625, 0.953125, 0.875, 0.953125, 0.921875, 0.921875, 1.0, 0.96875, 0.9375, 0.921875, 0.875, 0.921875, 0.9375, 0.9375, 1.0, 0.953125, 0.96875, 0.921875, 1.0, 0.90625, 0.9375, 1.0, 1.0, 0.9375, 0.96875, 0.953125, 1.0, 0.984375, 0.96875, 0.921875, 1.0, 0.953125, 0.953125, 0.96875, 1.0, 1.0, 0.9375, 0.96875, 0.75],