{"epoch_history": {"loss": [2.325561876296997, 2.0593145418167116, 1.9533133316040039, 1.7974366569519042, 1.6971571922302247, 1.6338214921951293, 1.5229186153411864, 1.463107705116272, 1.4686339092254639, 1.3657339811325073, 1.3278959846496583, 1.2678596830368043, 1.2644497299194335, 1.1365645742416381, 1.1134159183502197, 1.1888302612304686, 1.1507243490219117, 1.0907513427734374, 1.0632683849334716, 1.0494433784484862, 1.052210750579834, 1.07148419380188, 0.9737799644470215, 1.0361041736602783, 1.0120455741882324, 0.974924373626709, 0.9705286788940429, 0.9314726018905639, 0.7876453638076782, 0.8089048194885254, 0.804877495765686, 0.8391928195953369, 0.7847913479804993, 0.7899273586273193, 0.8072443723678588, 0.7630982637405396, 0.7882833909988404, 0.8091097736358642, 0.76836012840271, 0.7277794408798218], "val_loss": [2.283480739593506, 2.284951295852661, 2.293675603866577, 2.2681650257110597, 2.291315670013428, 2.3064534950256346, 2.3599711322784422, 2.3661452674865724, 2.3366039848327635, 2.317530746459961, 2.2803359127044676, 2.253489694595337, 2.3261357593536376, 2.5153677463531494, 2.4642652320861815, 2.3869469356536865, 2.2848972415924074, 2.409294033050537, 2.455666170120239, 2.481314573287964, 2.4483742713928223, 2.358438949584961, 2.5718182945251464, 2.682581214904785, 2.5141500854492187, 2.5289668893814086, 2.5297592544555663, 2.422080945968628, 2.5345491790771484, 2.6020335388183593, 2.5429787826538086, 2.348407678604126, 2.449731731414795, 2.5551618576049804, 2.506537094116211, 2.5873951721191406, 2.765298662185669, 2.8041132736206054, 2.646414794921875, 2.6481483459472654], "acc": [0.13, 0.24, 0.31, 0.335, 0.33, 0.43, 0.45, 0.485, 0.49, 0.535, 0.515, 0.585, 0.58, 0.64, 0.635, 0.575, 0.59, 0.64, 0.625, 0.625, 0.66, 0.605, 0.65, 0.67, 0.635, 0.66, 0.69, 0.64, 0.745, 0.73, 0.735, 0.72, 0.76, 0.76, 0.725, 0.775, 0.705, 0.72, 0.75, 0.76], "val_acc": [0.13, 0.11, 0.115, 0.145, 0.18, 0.17, 0.175, 0.2, 0.2, 0.185, 0.19, 0.165, 0.175, 0.205, 0.17, 0.235, 0.23, 0.235, 0.215, 0.2, 0.215, 0.23, 0.23, 0.22, 0.23, 0.26, 0.22, 0.225, 0.255, 0.26, 0.25, 0.25, 0.25, 0.205, 0.265, 0.245, 0.22, 0.24, 0.23, 0.245]}, "meta": {"train_size": 200, "cuda": true, "epoch": 40, "val_size": 200}, "iter_history": {"loss": [2.336480140686035, 2.3480842113494873, 2.336344003677368, 1.9717800617218018, 2.1301276683807373, 1.9168130159378052, 2.1385910511016846, 1.9986096620559692, 2.0406179428100586, 1.8663551807403564, 1.9599107503890991, 1.8977622985839844, 1.7934507131576538, 1.7601590156555176, 1.780704379081726, 2.2614035606384277, 1.7093302011489868, 1.7025083303451538, 1.6471831798553467, 1.9567561149597168, 1.835580587387085, 1.5453505516052246, 1.5099722146987915, 1.7183104753494263, 1.515525221824646, 1.4694452285766602, 1.583003282546997, 1.5291755199432373, 1.5958163738250732, 1.46588933467865, 1.322024941444397, 1.5078474283218384, 1.4512556791305542, 1.6226848363876343, 1.2962584495544434, 1.754256010055542, 1.3976606130599976, 1.3264111280441284, 1.3828239440917969, 1.2881840467453003, 1.2151015996932983, 1.3445866107940674, 1.2937670946121216, 2.3697571754455566, 1.3406860828399658, 1.2019703388214111, 1.2181730270385742, 1.6098564863204956, 1.0398406982421875, 1.2196906805038452, 1.4407777786254883, 2.008769989013672, 1.1360104084014893, 1.1853796243667603, 1.0838168859481812, 1.1724590063095093, 1.0804386138916016, 1.147078514099121, 1.1122685670852661, 1.117112398147583, 1.2475708723068237, 1.1320871114730835, 1.0686074495315552, 2.1346330642700195, 0.9785779714584351, 1.068697452545166, 1.3415802717208862, 1.657263159751892, 0.8906733989715576, 1.172214150428772, 1.1910223960876465, 1.237504005432129, 0.9536968469619751, 1.1853865385055542, 1.002770185470581, 1.4468810558319092, 1.1129931211471558, 0.9933882355690002, 0.9444117546081543, 1.8297395706176758, 1.0468138456344604, 0.9696683883666992, 1.1260079145431519, 1.1653475761413574, 1.0692251920700073, 1.145153522491455, 0.9739440679550171, 1.2805225849151611, 0.9479827880859375, 0.9269041419029236, 0.938427746295929, 1.8379817008972168, 1.003208875656128, 1.063538670539856, 0.9223825931549072, 1.989563226699829, 1.1954964399337769, 0.836732804775238, 0.9821667671203613, 1.1859712600708008, 1.077629566192627, 0.8302929401397705, 0.9871569871902466, 1.2124733924865723, 0.967339038848877, 1.0198386907577515, 0.8596974611282349, 1.488215446472168, 0.8596223592758179, 0.9405432939529419, 0.9017412662506104, 1.6715596914291382, 0.6923507452011108, 0.8468277454376221, 0.7753558158874512, 1.174859642982483, 0.7740457653999329, 0.7575386166572571, 0.7451356053352356, 2.0088605880737305, 0.5959054231643677, 0.9652509093284607, 0.7429825067520142, 1.6888266801834106, 0.8544918298721313, 0.8803929090499878, 0.7335319519042969, 1.2324869632720947, 0.7038126587867737, 0.8917875289916992, 0.7522017359733582, 0.8373683094978333, 0.7867777943611145, 0.8602969646453857, 0.6883607506752014, 1.0646998882293701, 0.6178038120269775, 0.9473941326141357, 0.7482345104217529, 1.6736496686935425, 0.7292619347572327, 0.5991370677947998, 0.8371790051460266, 1.7528325319290161, 0.6493543982505798, 0.659703254699707, 0.968997061252594, 1.4826470613479614, 0.7667534351348877, 0.7662451863288879, 0.7882618308067322, 1.657660722732544, 0.7771585583686829, 0.7205142378807068, 0.7857307195663452, 0.9417750835418701, 0.6212506294250488, 0.8053638339042664, 0.7254184484481812, 0.9782227277755737],