{"epoch_history": {"val_acc": [0.5333333333333333, 0.4, 0.4, 0.26666666666666666, 0.3333333333333333, 0.3333333333333333, 0.6, 0.5333333333333333, 0.5333333333333333, 0.5333333333333333, 0.6, 0.6666666666666666, 0.6666666666666666, 0.5333333333333333, 0.6, 0.6, 0.5333333333333333, 0.6, 0.6, 0.4666666666666667, 0.4, 0.6, 0.6, 0.7333333333333333, 0.6, 0.4666666666666667, 0.5333333333333333, 0.5333333333333333, 0.4666666666666667, 0.7333333333333333, 0.6, 0.7333333333333333, 0.6666666666666666, 0.6, 0.4666666666666667, 0.6, 0.5333333333333333, 0.6, 0.3333333333333333, 0.5333333333333333], "acc": [0.28888888888888886, 0.35555555555555557, 0.3333333333333333, 0.3333333333333333, 0.4888888888888889, 0.4666666666666667, 0.4444444444444444, 0.4888888888888889, 0.4888888888888889, 0.5777777777777777, 0.5333333333333333, 0.6444444444444445, 0.4222222222222222, 0.4, 0.6888888888888889, 0.4666666666666667, 0.5333333333333333, 0.5333333333333333, 0.6222222222222222, 0.6444444444444445, 0.7555555555555555, 0.5555555555555556, 0.7111111111111111, 0.8, 0.6444444444444445, 0.5333333333333333, 0.7333333333333333, 0.8222222222222222, 0.8444444444444444, 0.6888888888888889, 0.7111111111111111, 0.6888888888888889, 0.8444444444444444, 0.7111111111111111, 0.6888888888888889, 0.7777777777777778, 0.8222222222222222, 0.7333333333333333, 0.6444444444444445, 0.7333333333333333], "loss": [1.1589795854356555, 1.0832603640026517, 1.1104721440209282, 1.0810954252878824, 1.060579956902398, 1.068399511443244, 1.064115998480055, 1.0515297810236612, 1.028841535250346, 1.0337955527835423, 1.0273353020350138, 1.0078189346525404, 1.0418829944398669, 1.033677132924398, 1.0159060266282824, 1.0335790581173367, 1.0254831261105009, 1.0017404715220133, 1.0042083104451498, 0.9586359924740262, 0.9557620022031996, 0.9902573532528347, 0.9298368718889024, 0.9031229813893636, 0.9489769644207424, 0.9832333326339722, 0.9112682422002156, 0.9194337315029568, 0.8881967332628038, 0.9018355886141459, 0.8765875683890448, 0.923308425479465, 0.8636108133527968, 0.9013445536295573, 0.9043004724714491, 0.8819162633683947, 0.856965716679891, 0.8946563535266452, 0.8534987582100763, 0.8602562056647407], "val_loss": [1.0892386198043824, 1.0819376866022745, 1.119385794798533, 1.0917439142862955, 1.0972055117289226, 1.1112696250279746, 1.0418639341990152, 1.0900981267293295, 1.033083152770996, 1.0812789758046468, 1.0377045710881552, 1.1243361632029216, 0.9804570595423381, 1.0470919529596965, 1.0039091030756633, 0.9458611448605855, 1.0053041696548461, 1.0242839018503824, 1.0241470336914062, 1.037161103884379, 1.0409887552261352, 1.0212729215621947, 0.9751956899960835, 0.9625604311625163, 1.0505669315656025, 1.0026021401087444, 0.9806524674097697, 1.0078372875849406, 1.0634836435317994, 0.9847885807355244, 0.9929491360982259, 0.9255127271016439, 0.9759326219558716, 0.9754811445871989, 1.013458502292633, 0.9719868143399556, 0.9980899930000305, 0.9739694913228353, 1.040756074587504, 1.0069047768910726]}, "iter_history": {"val_acc": [0.25, 0.25, 1.0, 0.6666666666666666, 0.0, 0.75, 0.5, 0.3333333333333333, 0.0, 0.5, 0.5, 0.6666666666666666, 0.5, 0.25, 0.0, 0.3333333333333333, 0.5, 0.25, 0.25, 0.3333333333333333, 0.5, 0.25, 0.25, 0.3333333333333333, 0.5, 1.0, 0.25, 0.6666666666666666, 0.75, 0.5, 0.5, 0.3333333333333333, 0.0, 1.0, 0.75, 0.3333333333333333, 0.75, 0.75, 0.0, 0.6666666666666666, 0.75, 0.75, 0.5, 0.3333333333333333, 0.75, 0.75, 0.5, 0.6666666666666666, 0.75, 0.75, 0.75, 0.3333333333333333, 0.75, 0.25, 0.5, 0.6666666666666666, 0.75, 1.0, 0.25, 0.3333333333333333, 1.0, 0.25, 0.75, 0.3333333333333333, 0.5, 0.5, 0.5, 0.6666666666666666, 0.25, 0.5, 0.75, 1.0, 0.75, 0.25, 1.0, 0.3333333333333333, 0.75, 0.25, 0.25, 0.6666666666666666, 0.75, 0.5, 0.25, 0.0, 0.75, 0.75, 0.25, 0.6666666666666666, 0.25, 0.5, 1.0, 0.6666666666666666, 0.75, 0.25, 1.0, 1.0, 0.5, 0.5, 0.5, 1.0, 0.25, 0.5, 0.75, 0.3333333333333333, 0.75, 0.5, 0.25, 0.6666666666666666, 0.75, 0.25, 0.75, 0.3333333333333333, 0.5, 0.25, 1.0, 0.0, 0.75, 0.75, 0.5, 1.0, 0.5, 0.5, 0.75, 0.6666666666666666, 1.0, 0.5, 0.5, 1.0, 0.75, 0.75, 0.5, 0.6666666666666666, 0.25, 0.75, 0.75, 0.6666666666666666, 0.25, 0.75, 0.5, 0.3333333333333333, 0.25, 0.5, 0.75, 1.0, 0.75, 0.0, 0.75, 0.6666666666666666, 0.75, 0.5, 0.75, 0.3333333333333333, 0.75, 0.25, 0.0, 0.3333333333333333, 0.5, 0.25, 0.75, 0.6666666666666666], "acc": [0.75, 0.0, 1.0, 0.25, 0.25, 0.0, 0.25, 0.0, 0.25, 0.25, 0.25, 0.0, 0.5, 0.25, 0.5, 0.0, 0.75, 0.5, 0.25, 0.0, 0.25, 0.5, 0.25, 1.0, 0.5, 0.75, 0.25, 0.25, 0.25, 0.25, 0.5, 0.25, 0.0, 0.5, 0.25, 0.0, 0.75, 0.25, 0.25, 0.0, 0.25, 0.5, 0.25, 0.25, 0.25, 0.75, 0.25, 0.0, 1.0, 0.75, 0.5, 0.25, 0.75, 0.25, 0.25, 0.25, 0.5, 0.5, 0.5, 0.0, 0.5, 0.75, 0.5, 0.0, 0.75, 0.75, 0.25, 0.25, 0.25, 0.5, 0.75, 0.0, 0.5, 0.75, 0.5, 0.5, 0.5, 0.0, 0.5, 0.5, 0.5, 0.25, 0.5, 0.0, 0.25, 0.75, 0.25, 0.75, 0.5, 0.5, 0.25, 0.5, 0.75, 0.25, 0.5, 1.0, 0.25, 0.25, 0.5, 1.0, 0.0, 0.5, 0.75, 0.25, 0.75, 0.5, 0.75, 0.0, 0.75, 1.0, 0.25, 0.25, 0.75, 0.75, 0.5, 0.25, 1.0, 0.5, 0.5, 0.0, 0.5, 0.75, 0.0, 0.75, 0.5, 0.75, 0.75, 0.25, 0.0, 1.0, 0.75, 0.0, 0.25, 0.75, 0.75, 0.75, 0.5, 0.5, 0.5, 0.75, 1.0, 0.5, 0.75, 1.0, 0.5, 0.25, 0.0, 0.5, 0.75, 0.5, 0.25, 0.5, 0.75, 0.25, 0.25, 1.0, 0.25, 0.25, 0.25, 0.25, 0.0, 0.75, 0.25, 0.75, 0.75, 0.25, 0.75, 0.0, 0.5, 0.5, 0.75, 1.0, 0.75, 1.0, 0.25, 0.5, 0.75, 1.0, 0.75, 0.0, 0.0, 0.25, 0.75, 0.25, 0.5, 0.75, 1.0, 0.75, 0.5, 0.5, 0.0, 0.0, 0.75, 0.75, 0.25, 0.5, 0.5, 0.5, 0.75, 0.5, 0.5, 0.0, 0.75, 1.0, 0.75, 0.5, 0.5, 0.25, 0.5, 0.75, 0.75, 0.75, 0.75, 0.0, 0.5, 0.0, 0.5, 0.75, 0.5, 0.5, 0.5, 0.75, 0.75, 0.25, 1.0, 0.75, 0.75, 0.0, 0.75, 1.0, 0.25, 0.5, 0.75, 0.5, 0.75, 1.0, 0.0, 1.0, 0.75, 0.0, 0.75, 1.0, 1.0, 0.75, 0.75, 0.75, 0.75, 0.5, 1.0, 0.5, 0.75, 0.0, 0.75, 0.5, 0.25, 0.5, 1.0, 0.25, 0.5, 0.75, 0.75, 0.5, 0.25, 1.0, 1.0, 0.75, 0.5, 1.0, 0.75, 0.75, 0.75, 0.5, 0.0, 1.0, 1.0, 0.0, 0.75, 0.5, 0.75, 1.0, 0.75, 0.75, 0.5, 1.0, 1.0, 1.0, 1.0, 0.0, 0.5, 0.5, 0.75, 1.0, 0.75, 0.25, 0.75, 0.75, 0.5, 0.75, 0.5, 1.0, 0.5, 0.75, 0.0, 0.25, 0.75, 1.0, 0.75, 0.0, 0.75, 0.5, 0.75, 0.0, 0.25, 0.5, 1.0, 1.0, 1.0, 0.75, 0.75, 0.75, 1.0, 0.75, 0.5, 0.0, 0.75, 1.0, 0.25, 1.0, 1.0, 1.0, 1.0, 1.0, 0.5, 0.75, 1.0, 0.0, 1.0, 1.0, 0.75, 0.75, 1.0, 1.0, 0.75, 1.0, 0.75, 0.75, 0.75, 0.0, 1.0, 0.25, 0.5, 0.25, 0.5, 1.0, 0.25, 1.0, 1.0, 0.75, 1.0, 1.0, 0.75, 1.0, 1.0, 1.0, 0.75, 0.25, 0.75, 0.25, 0.75, 0.5, 1.0, 0.0, 0.25, 0.75, 1.0, 0.5, 0.25, 1.0, 0.5, 0.75, 1.0, 0.75, 1.0, 0.0, 1.0, 1.0, 0.75, 1.0, 1.0, 0.75, 0.75, 1.0, 0.75, 0.75, 0.75, 0.0, 0.5, 1.0, 1.0, 0.5, 0.75, 0.5, 1.0, 1.0, 1.0, 0.5, 0.25, 0.0, 0.75, 0.5, 0.5, 0.75, 1.0, 1.0, 0.25, 1.0, 0.75, 0.25, 1.0, 0.0, 0.75, 0.25, 1.0, 1.0, 0.75, 1.0, 0.5, 1.0, 1.0, 1.0, 0.5, 0.0, 0.75, 0.75, 1.0, 0.5, 0.5, 1.0, 1.0, 1.0, 1.0, 1.0, 0.5, 1.0, 0.25, 1.0, 0.75, 0.5, 0.5, 0.75, 1.0, 1.0, 1.0, 0.75, 0.5, 1.0, 0.5, 0.5, 0.5, 0.25, 0.75, 1.0, 0.75, 1.0, 0.5, 0.5, 1.0, 0.0, 0.5, 0.75, 0.75, 1.0, 1.0, 1.0, 1.0, 0.5, 0.5, 0.75, 0.5, 0.0],