{"meta": {"epoch": 40, "train_size": 200, "val_size": 200, "cuda": true}, "epoch_history": {"loss": [2.2862089538574217, 2.1557157325744627, 2.0867669677734373, 2.012225742340088, 2.000324320793152, 1.9431324005126953, 1.8540874862670897, 1.7996212768554687, 1.7693038511276244, 1.670379376411438, 1.6817656230926514, 1.6555969285964967, 1.5748068809509277, 1.5688276863098145, 1.491133337020874, 1.4220568609237672, 1.4337478113174438, 1.3699468612670898, 1.3017402219772338, 1.3122265195846559, 1.2509087657928466, 1.1812529230117799, 1.1977703833580018, 1.162582311630249, 1.196106948852539, 1.1662567234039307, 1.081243543624878, 0.9771256685256958, 0.9695221853256225, 0.9635979747772216, 0.9960318756103516, 0.9856481075286865, 0.8489603567123413, 0.8807200431823731, 0.8999380469322205, 0.8662147998809815, 0.9000126075744629, 0.8836656737327576, 0.91885835647583, 0.8560647392272949], "val_acc": [0.13, 0.125, 0.1, 0.1, 0.1, 0.105, 0.135, 0.195, 0.31, 0.275, 0.3, 0.43, 0.37, 0.525, 0.655, 0.58, 0.595, 0.585, 0.59, 0.65, 0.675, 0.705, 0.775, 0.735, 0.77, 0.75, 0.76, 0.71, 0.645, 0.665, 0.715, 0.805, 0.775, 0.785, 0.745, 0.77, 0.775, 0.74, 0.725, 0.72], "acc": [0.14, 0.195, 0.225, 0.32, 0.34, 0.335, 0.415, 0.425, 0.42, 0.495, 0.45, 0.445, 0.485, 0.54, 0.56, 0.555, 0.55, 0.575, 0.59, 0.575, 0.575, 0.6, 0.6, 0.64, 0.6, 0.58, 0.65, 0.705, 0.7, 0.685, 0.675, 0.69, 0.745, 0.725, 0.72, 0.715, 0.695, 0.69, 0.7, 0.71], "val_loss": [2.2437422370910642, 2.2789490318298338, 2.4815186882019042, 2.556908464431763, 2.5366711521148684, 2.370658893585205, 2.239466276168823, 2.043959684371948, 1.8624965476989745, 1.879433331489563, 1.7768299770355225, 1.6020610523223877, 1.6858400154113768, 1.527693567276001, 1.2982676172256469, 1.3181309938430785, 1.2436864280700684, 1.239366569519043, 1.1958472156524658, 1.0886918020248413, 1.066216802597046, 1.0034943008422852, 0.8940305423736572, 0.9022316861152649, 0.8516874599456787, 0.845713586807251, 0.8756638813018799, 0.9792938375473023, 1.1135476517677307, 1.0476534295082092, 0.8958270072937011, 0.7443431186676025, 0.6976896452903748, 0.7049518918991089, 0.7615042662620545, 0.6963017749786377, 0.6998496174812316, 0.8206028294563293, 0.9075880575180054, 0.8832656335830689]}, "iter_history": {"loss": [2.358602523803711, 2.256563663482666, 2.2598862648010254, 2.154804229736328, 2.0885746479034424, 2.14939546585083, 2.2176082134246826, 2.2482666969299316, 2.1229052543640137, 2.018392562866211, 2.1085705757141113, 2.17022705078125, 2.0620861053466797, 2.0718560218811035, 1.8902288675308228, 2.1122756004333496, 2.018277406692505, 2.0257935523986816, 1.9883339405059814, 1.7488688230514526, 1.935867190361023, 1.928403615951538, 1.9899883270263672, 1.744236946105957, 1.827876329421997, 1.8718081712722778, 1.824295997619629, 2.1603431701660156, 1.8328500986099243, 1.7838761806488037, 1.7554270029067993, 2.0133056640625, 1.7488172054290771, 1.7255727052688599, 1.813098669052124, 1.9326876401901245, 1.7229806184768677, 1.578761339187622, 1.6847561597824097, 1.8674994707107544, 1.7275928258895874, 1.6837787628173828, 1.5988471508026123, 1.962390661239624, 1.5092641115188599, 1.7622510194778442, 1.7234554290771484, 1.4301587343215942, 1.6329165697097778, 1.5058236122131348, 1.595642328262329, 1.4951119422912598, 1.5777215957641602, 1.554733395576477, 1.6142239570617676, 1.247260570526123, 1.7048050165176392, 1.3643414974212646, 1.4350223541259766, 1.2449824810028076, 1.381963849067688, 1.3972017765045166, 1.4956861734390259, 1.3526071310043335, 1.5915210247039795, 1.3549953699111938, 1.3884499073028564, 1.163964867591858, 1.2931991815567017, 1.363652229309082, 1.3436939716339111, 2.2443084716796875, 1.3678003549575806, 1.2063612937927246, 1.3599151372909546, 1.070891261100769, 1.1475569009780884, 1.2587840557098389, 1.4925732612609863, 1.6143492460250854, 1.275180459022522, 1.2848701477050781, 1.2226507663726807, 1.011108160018921, 1.0268683433532715, 1.2403990030288696, 1.2469277381896973, 1.4177623987197876, 1.1313965320587158, 1.243076205253601, 1.270743489265442, 0.7825297713279724, 1.089789628982544, 1.2072625160217285, 1.1349538564682007, 1.6085097789764404, 1.1605323553085327, 1.193007230758667, 1.228869915008545, 1.2433977127075195, 1.0987499952316284, 1.0492628812789917, 1.2803374528884888, 1.7296154499053955, 0.9439734816551208, 1.1973206996917725, 1.0872197151184082, 1.2029774188995361, 0.9785265922546387, 1.0772795677185059, 0.893867015838623, 0.8307563066482544, 1.0666059255599976, 0.9948009252548218, 0.8536263108253479, 0.9177893400192261, 0.9096210598945618, 1.0061999559402466, 0.9855658411979675, 0.878854513168335, 0.9822595119476318, 1.0571458339691162, 0.9860712289810181, 0.6969842910766602, 0.8811582922935486, 0.9842338562011719, 1.138197422027588, 0.6124861240386963, 0.9059638381004333, 0.850192129611969, 0.8257456421852112, 0.5687960386276245, 0.940414547920227, 0.6796748638153076, 0.9688006043434143, 1.3068809509277344, 0.8048192262649536, 0.9496280550956726, 0.9381195306777954, 0.9579166769981384, 0.8877409100532532, 0.8478248715400696, 0.8452117443084717, 1.0091497898101807, 0.9233930110931396, 0.8937432169914246, 0.9175466299057007, 0.6228523254394531, 0.8406622409820557, 0.9020265936851501, 0.9085667729377747, 0.8815969824790955, 1.0700080394744873, 0.7538897395133972, 0.9007807970046997, 1.1740303039550781, 0.7386487126350403, 0.9908097982406616, 0.7510024905204773, 1.5579304695129395], "val_acc": [0.15625, 0.140625, 0.09375, 0.125, 0.171875, 0.125, 0.09375, 0.0, 0.109375, 0.109375, 0.09375, 0.0, 0.109375, 0.109375, 0.078125, 0.125, 0.09375, 0.125, 0.09375, 0.0, 0.078125, 0.140625, 0.09375, 0.125, 0.15625, 0.078125, 0.1875, 0.0, 0.21875, 0.171875, 0.203125, 0.125, 0.3125, 0.296875, 0.328125, 0.25, 0.296875, 0.296875, 0.234375, 0.25, 0.359375, 0.265625, 0.265625, 0.375, 0.515625, 0.296875, 0.453125, 0.625, 0.328125, 0.359375, 0.40625, 0.5, 0.46875, 0.5625, 0.5625, 0.375, 0.625, 0.703125, 0.640625, 0.625, 0.640625, 0.5625, 0.546875, 0.5, 0.640625, 0.53125, 0.625, 0.5, 0.625, 0.640625, 0.484375, 0.625, 0.515625, 0.671875, 0.546875, 0.875, 0.578125, 0.6875, 0.671875, 0.75, 0.65625, 0.71875, 0.640625, 0.75, 0.75, 0.625, 0.734375, 0.75, 0.78125, 0.828125, 0.734375, 0.625, 0.625, 0.78125, 0.78125, 0.875, 0.734375, 0.828125, 0.734375, 0.875, 0.765625, 0.78125, 0.671875, 1.0, 0.78125, 0.75, 0.734375, 0.875, 0.625, 0.796875, 0.796875, 0.0, 0.609375, 0.65625, 0.671875, 0.625, 0.6875, 0.625, 0.671875, 0.75, 0.625, 0.6875, 0.828125, 0.75, 0.734375, 0.84375, 0.84375, 0.75, 0.71875, 0.796875, 0.84375, 0.5, 0.734375, 0.890625, 0.75, 0.625, 0.703125, 0.71875, 0.8125, 0.75, 0.75, 0.75, 0.78125, 1.0, 0.78125, 0.75, 0.796875, 0.75, 0.8125, 0.703125, 0.6875, 0.875, 0.734375, 0.6875, 0.765625, 0.625, 0.640625, 0.765625, 0.765625, 0.625],