{"epoch_history": {"acc": [0.4, 0.4222222222222222, 0.37777777777777777, 0.35555555555555557, 0.35555555555555557, 0.3111111111111111, 0.4444444444444444, 0.4666666666666667, 0.4, 0.4, 0.4888888888888889, 0.5333333333333333, 0.3333333333333333, 0.5333333333333333, 0.37777777777777777, 0.4, 0.5777777777777777, 0.5333333333333333, 0.6, 0.4444444444444444, 0.4888888888888889, 0.5555555555555556, 0.5111111111111111, 0.5777777777777777, 0.5333333333333333, 0.6, 0.4888888888888889, 0.5555555555555556, 0.5555555555555556, 0.5777777777777777, 0.5333333333333333, 0.6444444444444445, 0.5555555555555556, 0.6222222222222222, 0.37777777777777777, 0.5777777777777777, 0.6888888888888889, 0.4888888888888889, 0.6222222222222222, 0.5555555555555556], "val_loss": [1.1085546573003133, 1.070644474029541, 0.9930872480074565, 1.0517054875691731, 1.088658905029297, 1.0592607498168944, 1.1275901158650716, 1.0336268107096354, 1.0257545709609985, 1.1003868103027343, 0.9964222272237142, 1.0692407846450807, 1.023430629571279, 1.0187847336133322, 1.0903199275334676, 0.9308529337247212, 1.0496391296386718, 1.1097766319910685, 1.031063397725423, 1.0430638869603475, 1.074774177869161, 1.0765461961428324, 1.108634114265442, 0.9124058286348978, 1.0577823003133138, 0.9786547144254049, 0.9418261686960856, 0.9243917981783549, 1.0816482782363892, 1.0144171078999837, 1.0023334542910258, 0.9758575081825256, 1.0001227100690206, 0.9297220468521118, 1.0254867474238079, 1.0663198868433634, 1.036669405301412, 1.0199103832244873, 0.9157803376515706, 0.9807424505551656], "loss": [1.1435280508465238, 1.0900991837183633, 1.1078074958589341, 1.129979223675198, 1.1144949701097278, 1.144967352019416, 1.0674722141689725, 1.0543513536453246, 1.0546982977125379, 1.0668162531322902, 1.0460674630271063, 1.0139238357543945, 1.1242826090918647, 1.017112742529975, 1.087042384677463, 1.0751053147845797, 0.9665321509043375, 1.0460248841179742, 0.9961036099327936, 1.0839537647035387, 1.0026128795411853, 1.026425626542833, 1.0190248674816555, 0.954327811135186, 1.0367268562316894, 0.9466243955824111, 1.007293893231286, 1.0154825184080336, 0.9567983150482178, 0.9833946228027344, 0.9537023411856758, 0.9457153505749173, 0.9906670014063518, 0.9294659270180596, 1.0503216690487331, 0.9452829466925727, 0.9221376127666897, 0.9755537801318699, 0.9178529951307509, 0.9827987485461764], "val_acc": [0.4, 0.2, 0.4666666666666667, 0.4666666666666667, 0.4, 0.4, 0.26666666666666666, 0.6, 0.5333333333333333, 0.4, 0.4666666666666667, 0.4666666666666667, 0.6, 0.4, 0.4666666666666667, 0.6, 0.6, 0.3333333333333333, 0.5333333333333333, 0.5333333333333333, 0.4666666666666667, 0.4666666666666667, 0.26666666666666666, 0.7333333333333333, 0.4, 0.5333333333333333, 0.6, 0.6, 0.3333333333333333, 0.6, 0.6, 0.6, 0.4666666666666667, 0.8, 0.4666666666666667, 0.3333333333333333, 0.4, 0.4666666666666667, 0.7333333333333333, 0.6]}, "iter_history": {"acc": [0.5, 0.5, 0.5, 0.5, 0.0, 0.25, 1.0, 0.25, 0.0, 0.25, 0.75, 0.0, 0.25, 0.5, 0.75, 0.25, 0.25, 0.75, 0.25, 0.75, 0.5, 0.25, 0.25, 0.0, 0.25, 0.25, 0.5, 0.0, 0.5, 0.25, 0.75, 0.25, 0.5, 0.75, 0.25, 0.0, 0.5, 0.25, 0.5, 0.25, 0.25, 0.5, 0.25, 0.5, 0.25, 0.0, 0.5, 1.0, 0.5, 0.25, 0.0, 0.5, 0.25, 0.25, 0.0, 0.25, 0.5, 0.75, 0.5, 1.0, 0.0, 0.5, 0.5, 0.75, 0.0, 0.25, 0.0, 0.75, 0.25, 0.25, 0.25, 0.0, 0.5, 0.75, 0.5, 0.25, 0.5, 0.5, 0.75, 0.0, 0.5, 0.5, 0.25, 0.0, 0.25, 0.75, 0.5, 0.25, 0.5, 0.75, 0.5, 0.5, 1.0, 0.0, 0.25, 0.0, 0.5, 0.5, 0.5, 0.5, 0.0, 0.75, 0.25, 0.5, 0.75, 0.0, 0.25, 0.0, 0.25, 0.75, 0.75, 0.75, 0.25, 0.25, 0.5, 0.0, 0.5, 0.0, 0.5, 0.0, 0.25, 1.0, 0.75, 0.25, 0.5, 0.5, 0.75, 0.25, 0.25, 0.25, 0.75, 0.0, 0.5, 0.5, 0.25, 0.75, 0.75, 0.25, 1.0, 0.5, 0.5, 0.25, 0.75, 0.0, 0.5, 0.5, 0.5, 0.0, 0.0, 0.0, 0.25, 0.5, 0.5, 0.25, 0.5, 1.0, 0.75, 1.0, 0.5, 0.25, 0.5, 0.5, 0.75, 0.5, 0.5, 0.25, 0.5, 0.0, 0.5, 0.5, 0.5, 0.5, 0.25, 0.25, 0.25, 0.25, 0.25, 0.5, 0.5, 0.0, 0.5, 0.5, 0.25, 0.5, 0.5, 0.5, 0.5, 0.25, 0.75, 0.0, 0.25, 0.0, 0.5, 0.5, 0.5, 0.75, 0.75, 0.5, 0.75, 0.75, 0.5, 0.75, 0.0, 1.0, 0.5, 0.75, 0.5, 0.5, 0.5, 0.25, 0.5, 0.75, 0.25, 0.25, 1.0, 1.0, 0.25, 0.5, 0.5, 0.75, 0.5, 1.0, 0.75, 0.5, 0.75, 0.5, 0.5, 1.0, 0.5, 0.5, 0.5, 1.0, 0.25, 0.75, 0.75, 0.25, 0.0, 0.25, 0.25, 0.0, 0.5, 0.5, 0.75, 0.25, 0.25, 0.5, 0.5, 0.25, 0.5, 0.5, 1.0, 0.0, 0.0, 0.5, 0.75, 0.5, 0.5, 0.75, 0.75, 0.75, 0.5, 0.25, 0.75, 1.0, 0.5, 0.5, 0.75, 0.5, 0.5, 0.5, 0.75, 0.25, 0.0, 0.75, 0.75, 0.0, 0.5, 0.5, 0.75, 0.75, 0.5, 0.75, 0.75, 0.5, 0.25, 0.75, 0.5, 0.0, 0.75, 0.75, 0.25, 0.75, 0.5, 0.0, 0.5, 0.25, 0.5, 1.0, 0.75, 0.0, 1.0, 0.75, 0.75, 0.0, 0.5, 0.5, 0.75, 0.5, 0.75, 0.75, 0.25, 1.0, 0.5, 0.5, 0.25, 0.5, 0.25, 0.75, 0.75, 0.75, 0.25, 0.5, 0.25, 1.0, 0.5, 0.5, 0.75, 0.75, 1.0, 0.25, 1.0, 0.25, 0.5, 0.0, 0.5, 1.0, 0.5, 0.5, 0.5, 0.5, 0.5, 0.5, 0.75, 1.0, 0.5, 0.5, 0.5, 0.0, 0.25, 1.0, 0.5, 0.75, 0.5, 1.0, 0.5, 0.25, 0.75, 0.25, 0.75, 0.0, 0.5, 0.5, 0.5, 0.0, 0.75, 0.25, 0.25, 0.75, 1.0, 0.75, 0.75, 0.0, 0.25, 0.75, 0.75, 0.5, 0.5, 1.0, 0.75, 0.5, 0.75, 1.0, 0.5, 0.0, 1.0, 0.5, 0.25, 0.5, 0.75, 0.5, 0.25, 0.75, 0.5, 0.5, 0.5, 1.0, 0.75, 1.0, 0.25, 1.0, 0.75, 0.5, 0.25, 0.5, 0.5, 0.5, 1.0, 0.0, 0.0, 0.0, 0.5, 0.5, 0.75, 0.75, 0.0, 0.25, 0.75, 0.25, 0.5, 0.0, 1.0, 0.5, 0.75, 0.75, 0.5, 0.0, 0.75, 0.75, 0.25, 1.0, 0.25, 0.0, 0.5, 0.75, 0.75, 1.0, 0.75, 1.0, 0.5, 0.5, 0.5, 0.5, 0.75, 1.0, 0.5, 0.0, 0.25, 0.75, 0.75, 0.25, 0.5, 0.5, 0.5, 0.75, 0.75, 0.0, 0.75, 0.75, 0.25, 0.75, 0.5, 0.5, 0.5, 0.5, 0.75, 1.0, 0.5, 1.0, 0.75, 0.75, 1.0, 0.75, 0.5, 0.25, 1.0, 0.25, 0.5, 0.25, 0.25, 0.0],