{"epoch_history": {"loss": [2.412460193634033, 2.2034261894226073, 2.0045014381408692, 1.8321004009246826, 1.8242681503295899, 1.691260452270508, 1.6016190242767334, 1.5736177253723145, 1.5297045516967773, 1.5515332221984863, 1.5204822826385498, 1.4326282548904419, 1.3974300861358642, 1.3633203411102295, 1.3091173124313356, 1.2700436592102051, 1.242267084121704, 1.1379799556732177, 1.1612545013427735, 1.15709716796875, 1.0876989269256592, 1.1450685453414917, 1.0289328861236573, 1.0215077590942383, 0.9728577613830567, 0.9150522565841674, 0.9271694660186768, 0.9371809482574462, 0.9014179801940918, 0.8601415920257568, 0.9191429233551025, 0.8886677885055542, 0.8657847929000855, 0.8397299671173095, 0.8855984878540039, 0.7971709823608398, 0.8158340883255005, 0.8401017761230469, 0.7096142840385437, 0.737720069885254], "acc": [0.125, 0.14, 0.27, 0.38, 0.33, 0.44, 0.44, 0.37, 0.43, 0.38, 0.45, 0.49, 0.485, 0.5, 0.535, 0.56, 0.595, 0.62, 0.595, 0.57, 0.6, 0.555, 0.685, 0.695, 0.645, 0.68, 0.71, 0.685, 0.7, 0.725, 0.665, 0.71, 0.73, 0.74, 0.7, 0.745, 0.755, 0.72, 0.77, 0.78], "val_loss": [2.271733741760254, 2.237969284057617, 2.202550210952759, 2.1506597805023193, 2.1401183128356935, 2.02620717048645, 2.0488845825195314, 2.029224853515625, 2.117931032180786, 2.0340952587127688, 2.031965761184692, 2.04504415512085, 2.0641539525985717, 2.028209991455078, 2.074233293533325, 1.9600758743286133, 1.9497612190246583, 2.098820333480835, 2.0821048164367677, 2.110053005218506, 2.0329395961761474, 2.146759605407715, 2.2101520252227784, 2.19880042552948, 2.23694091796875, 2.388628749847412, 2.4527489280700685, 2.4513040351867676, 2.2686330699920654, 2.3901770401000975, 2.4400376319885253, 2.4102095127105714, 2.383332681655884, 2.2303964471817017, 2.1103722763061525, 2.2794138908386232, 2.2542331218719482, 2.2893162631988524, 2.2422990226745605, 2.284510917663574], "val_acc": [0.135, 0.125, 0.165, 0.225, 0.2, 0.19, 0.225, 0.255, 0.275, 0.235, 0.22, 0.235, 0.235, 0.275, 0.24, 0.235, 0.3, 0.285, 0.3, 0.315, 0.3, 0.255, 0.295, 0.3, 0.275, 0.245, 0.265, 0.275, 0.31, 0.3, 0.285, 0.28, 0.295, 0.295, 0.345, 0.345, 0.325, 0.34, 0.29, 0.34]}, "iter_history": {"loss": [2.3726882934570312, 2.4551961421966553, 2.4384326934814453, 2.1809678077697754, 2.1750998497009277, 2.2156460285186768, 2.190478801727295, 2.4358572959899902, 2.0485687255859375, 1.922658085823059, 1.9801344871520996, 2.501645565032959, 1.7822997570037842, 1.8735731840133667, 1.8131309747695923, 2.05047869682312, 1.6335864067077637, 1.8743971586227417, 1.907626748085022, 2.2818212509155273, 1.7409406900405884, 1.545106053352356, 1.761635661125183, 1.9000520706176758, 1.6399747133255005, 1.5582516193389893, 1.5461891889572144, 2.085151433944702, 1.452128529548645, 1.7773834466934204, 1.5027090311050415, 1.4826750755310059, 1.5157355070114136, 1.5680596828460693, 1.4565850496292114, 1.919571876525879, 1.414751410484314, 1.6241482496261597, 1.5850121974945068, 1.7970356941223145, 1.3166334629058838, 1.5525065660476685, 1.6103285551071167, 2.1763083934783936, 1.3893134593963623, 1.5435278415679932, 1.3479681015014648, 1.5692311525344849, 1.313610315322876, 1.3501286506652832, 1.4370002746582031, 2.129838228225708, 1.304179072380066, 1.3947179317474365, 1.3743029832839966, 1.4974086284637451, 1.1667203903198242, 1.2888110876083374, 1.435473084449768, 1.5998963117599487, 1.2364786863327026, 1.287656545639038, 1.2684167623519897, 1.4106755256652832, 1.2746530771255493, 1.1526845693588257, 1.2353296279907227, 1.7553389072418213, 1.0211502313613892, 1.0355514287948608, 1.3658385276794434, 1.0691773891448975, 1.164216160774231, 1.1675523519515991, 1.1445260047912598, 1.2210063934326172, 1.1777833700180054, 1.051361322402954, 1.1548060178756714, 1.8558235168457031, 1.084666132926941, 1.0721486806869507, 1.0222338438034058, 1.7600839138031006, 1.123529076576233, 1.0449466705322266, 1.2162084579467773, 1.549239993095398, 1.0821807384490967, 0.9186902046203613, 1.0537841320037842, 1.2860815525054932, 1.0914925336837769, 1.0611211061477661, 0.8913151025772095, 1.1862640380859375, 0.9660463929176331, 0.9448156952857971, 0.9709715247154236, 1.266775131225586, 0.8853238821029663, 0.831268846988678, 0.9763115644454956, 1.3330720663070679, 0.959725022315979, 0.8614521622657776, 0.8916294574737549, 1.4767835140228271, 0.9309554100036621, 0.7493820190429688, 1.0237393379211426, 1.7969095706939697, 0.8284876346588135, 0.8324037194252014, 0.9754184484481812, 1.4449710845947266, 0.7912249565124512, 0.8587777614593506, 0.8014689683914185, 1.8917663097381592, 0.8704628348350525, 0.8834826350212097, 0.9569244384765625, 1.2916138172149658, 0.9230614900588989, 0.8143116235733032, 0.8245575428009033, 1.7212494611740112, 0.778473436832428, 0.7843685150146484, 0.917782187461853, 1.7996267080307007, 0.7312141060829163, 0.9173781275749207, 0.7412233352661133, 1.8747246265411377, 1.0064318180084229, 0.8605385422706604, 0.8307049870491028, 0.5585594177246094, 0.8500574827194214, 0.7064977884292603, 0.7723548412322998, 1.2979936599731445, 0.6453498601913452, 0.8419025540351868, 0.9193320870399475, 1.1431761980056763, 0.7730609178543091, 0.8132884502410889, 0.9125008583068848, 1.0117425918579102, 0.7446240186691284, 0.7116342186927795, 0.6371378302574158, 0.9931885600090027, 0.8480405807495117, 0.6687002778053284, 0.642277717590332, 1.1708531379699707], "acc": [0.078125, 0.1875, 0.109375, 0.125, 0.140625, 0.125, 0.140625, 0.25, 0.234375, 0.328125, 0.28125, 0.0, 0.40625, 0.359375, 0.390625, 0.25, 0.4375, 0.234375, 0.359375, 0.0, 0.46875, 0.484375, 0.390625, 0.25, 0.375, 0.5, 0.46875, 0.25, 0.484375, 0.1875, 0.453125, 0.25, 0.4375, 0.375, 0.484375, 0.375, 0.421875, 0.3125, 0.421875, 0.25, 0.53125, 0.421875, 0.4375, 0.125, 0.515625, 0.453125, 0.53125, 0.25, 0.5625, 0.515625, 0.4375, 0.0, 0.546875, 0.421875, 0.546875, 0.375, 0.59375, 0.578125, 0.453125, 0.375, 0.546875, 0.578125, 0.5625, 0.5, 0.5625, 0.640625, 0.640625, 0.125, 0.609375, 0.703125, 0.546875, 0.625, 0.5625, 0.578125, 0.671875, 0.375, 0.53125, 0.640625, 0.5625, 0.375, 0.5625, 0.625, 0.65625, 0.25, 0.609375, 0.65625, 0.421875, 0.375, 0.6875, 0.75, 0.65625, 0.375, 0.65625, 0.6875, 0.765625, 0.5, 0.609375, 0.6875, 0.65625, 0.5, 0.703125, 0.71875, 0.640625, 0.5, 0.71875, 0.703125, 0.734375, 0.5, 0.640625, 0.765625, 0.6875, 0.375, 0.703125, 0.765625, 0.65625, 0.5, 0.734375, 0.75, 0.71875, 0.5, 0.6875, 0.671875, 0.640625, 0.625, 0.65625, 0.796875, 0.71875, 0.375, 0.796875, 0.71875, 0.71875, 0.375, 0.828125, 0.703125, 0.75, 0.25, 0.671875, 0.703125, 0.703125, 0.875, 0.734375, 0.78125, 0.75, 0.5, 0.859375, 0.703125, 0.734375, 0.5, 0.78125, 0.703125, 0.6875, 0.625, 0.734375, 0.765625, 0.828125, 0.625, 0.6875, 0.828125, 0.828125, 0.75],