{"meta": {"cuda": true, "epoch": 40, "val_size": 15, "train_size": 45}, "epoch_history": {"acc": [0.5111111111111111, 0.7555555555555555, 0.8666666666666667, 0.8666666666666667, 0.9111111111111111, 0.8666666666666667, 0.9555555555555556, 0.9555555555555556, 0.8666666666666667, 0.9111111111111111, 0.9333333333333333, 0.8666666666666667, 0.9333333333333333, 0.8444444444444444, 0.9333333333333333, 0.9333333333333333, 1.0, 0.9777777777777777, 0.9777777777777777, 0.9333333333333333, 0.9555555555555556, 0.9777777777777777, 0.8888888888888888, 0.9555555555555556, 0.9555555555555556, 0.9333333333333333, 0.9777777777777777, 0.9333333333333333, 0.9777777777777777, 1.0, 0.9555555555555556, 0.9555555555555556, 0.9111111111111111, 0.9333333333333333, 0.9777777777777777, 0.9777777777777777, 1.0, 1.0, 0.9555555555555556, 0.9777777777777777], "val_acc": [0.6666666666666666, 0.7333333333333333, 0.8, 0.8, 0.8, 0.7333333333333333, 0.8666666666666667, 0.8666666666666667, 0.8, 0.8, 0.6, 0.8, 0.6666666666666666, 0.8666666666666667, 0.6666666666666666, 0.6666666666666666, 0.6666666666666666, 0.8, 0.8, 0.8, 0.8, 0.7333333333333333, 0.6, 0.8666666666666667, 0.8, 0.8, 0.8, 0.8, 0.8666666666666667, 0.8, 0.8, 0.8666666666666667, 0.8, 0.8666666666666667, 0.8666666666666667, 0.7333333333333333, 0.7333333333333333, 0.7333333333333333, 0.7333333333333333, 0.8666666666666667], "val_loss": [0.9454017122586568, 0.9366538286209106, 0.8502520680427551, 0.8736940066019694, 0.7008665790160497, 0.860751203695933, 0.742631447315216, 0.752931276957194, 0.6788702478011449, 0.7524339040120442, 0.9742591455578804, 0.6204131364822387, 0.6944273471832275, 0.6419591272870699, 0.3989576518535614, 0.8803720831871032, 0.8024024784564971, 0.9493888298670451, 0.7239404022693634, 0.9763115604718526, 0.9965894142786662, 0.6794637521107991, 0.7028409796456496, 0.6734668036301931, 0.943057781457901, 0.8453944851954778, 0.818900657693545, 0.966475123167038, 0.7151500314474106, 0.9021353920300802, 0.7821417644619941, 0.8006699005762736, 0.9069966077804565, 0.6340103467305501, 0.6937135934829712, 0.9405467987060547, 0.8437049150466919, 0.9948647896448771, 1.0437267700831094, 0.5865396430095037], "loss": [1.067531665166219, 0.7365142795774672, 0.5324938933054606, 0.43652764161427815, 0.3634560161166721, 0.2994392448001438, 0.19644346899456447, 0.17230049239264594, 0.27893005079693267, 0.26926404370201956, 0.20796713299221462, 0.29075644810994467, 0.22083088292015923, 0.32076625029246014, 0.16158656809065078, 0.18088479042053224, 0.11676064597235786, 0.14631991651323106, 0.08052950965033637, 0.12235282791985405, 0.11615843772888183, 0.1426687479019165, 0.27507167922125925, 0.13887175586488512, 0.1455480496088664, 0.13457692994011772, 0.09386294550365872, 0.24319260120391845, 0.08642218377855089, 0.08460154798295763, 0.14801216787762111, 0.11981919209162394, 0.27963939507802327, 0.15059369140201145, 0.09218923780653211, 0.09737291203604805, 0.08032326565848456, 0.043159394794040254, 0.10825961430867513, 0.0625241067674425]}, "iter_history": {"acc": [0.0, 0.5, 0.75, 0.5, 0.5, 0.75, 0.5, 0.5, 0.5, 0.75, 0.25, 1.0, 1.0, 0.5, 1.0, 0.5, 0.75, 0.75, 0.75, 1.0, 0.5, 0.75, 1.0, 0.0, 0.75, 1.0, 1.0, 0.75, 1.0, 1.0, 0.75, 0.75, 1.0, 0.75, 1.0, 0.0, 0.5, 1.0, 1.0, 1.0, 1.0, 0.75, 1.0, 0.75, 0.5, 1.0, 1.0, 1.0, 1.0, 1.0, 1.0, 1.0, 1.0, 0.75, 1.0, 1.0, 0.5, 1.0, 0.75, 1.0, 0.75, 1.0, 1.0, 1.0, 0.75, 1.0, 1.0, 0.25, 1.0, 1.0, 1.0, 0.0, 1.0, 1.0, 1.0, 1.0, 0.75, 0.75, 1.0, 1.0, 1.0, 1.0, 1.0, 1.0, 1.0, 1.0, 1.0, 0.75, 1.0, 1.0, 1.0, 1.0, 1.0, 1.0, 1.0, 0.0, 0.75, 1.0, 1.0, 0.75, 0.75, 1.0, 0.75, 1.0, 0.75, 1.0, 1.0, 0.0, 1.0, 1.0, 1.0, 1.0, 0.75, 1.0, 1.0, 1.0, 1.0, 0.75, 0.75, 0.0, 1.0, 1.0, 1.0, 1.0, 0.75, 1.0, 1.0, 1.0, 1.0, 1.0, 0.75, 0.0, 0.75, 0.25, 1.0, 1.0, 1.0, 1.0, 1.0, 1.0, 1.0, 1.0, 0.75, 0.0, 1.0, 0.75, 1.0, 1.0, 1.0, 1.0, 0.5, 1.0, 1.0, 1.0, 1.0, 1.0, 0.5, 1.0, 0.75, 0.5, 1.0, 1.0, 1.0, 1.0, 1.0, 0.75, 1.0, 0.0, 0.75, 1.0, 1.0, 1.0, 1.0, 1.0, 1.0, 1.0, 1.0, 0.75, 1.0, 0.0, 1.0, 1.0, 1.0, 1.0, 0.75, 1.0, 1.0, 1.0, 1.0, 0.75, 1.0, 0.0, 1.0, 1.0, 1.0, 1.0, 1.0, 1.0, 1.0, 1.0, 1.0, 1.0, 1.0, 1.0, 1.0, 1.0, 1.0, 1.0, 1.0, 1.0, 1.0, 0.75, 1.0, 1.0, 1.0, 1.0, 1.0, 1.0, 1.0, 1.0, 1.0, 1.0, 1.0, 1.0, 1.0, 1.0, 1.0, 0.0, 1.0, 1.0, 1.0, 1.0, 1.0, 1.0, 0.75, 1.0, 0.75, 1.0, 1.0, 0.0, 1.0, 1.0, 1.0, 1.0, 1.0, 1.0, 1.0, 1.0, 1.0, 0.75, 1.0, 0.0, 1.0, 1.0, 1.0, 1.0, 1.0, 1.0, 1.0, 1.0, 1.0, 1.0, 1.0, 0.0, 1.0, 0.5, 1.0, 1.0, 1.0, 1.0, 1.0, 0.75, 1.0, 0.75, 1.0, 0.0, 1.0, 1.0, 0.75, 1.0, 1.0, 1.0, 1.0, 1.0, 1.0, 1.0, 1.0, 0.0, 1.0, 1.0, 1.0, 1.0, 1.0, 0.75, 1.0, 1.0, 1.0, 1.0, 1.0, 0.0, 0.75, 1.0, 1.0, 1.0, 1.0, 1.0, 1.0, 1.0, 1.0, 0.75, 1.0, 0.0, 1.0, 1.0, 1.0, 1.0, 1.0, 1.0, 1.0, 0.75, 1.0, 1.0, 1.0, 1.0, 1.0, 1.0, 1.0, 1.0, 1.0, 1.0, 0.5, 1.0, 1.0, 1.0, 1.0, 0.0, 0.75, 1.0, 1.0, 1.0, 1.0, 1.0, 1.0, 1.0, 1.0, 1.0, 1.0, 1.0, 1.0, 1.0, 1.0, 1.0, 1.0, 1.0, 1.0, 1.0, 1.0, 1.0, 1.0, 1.0, 0.75, 1.0, 1.0, 1.0, 1.0, 1.0, 1.0, 1.0, 1.0, 0.75, 1.0, 1.0, 1.0, 1.0, 1.0, 0.75, 1.0, 1.0, 1.0, 1.0, 1.0, 1.0, 1.0, 0.0, 0.75, 1.0, 1.0, 1.0, 1.0, 1.0, 1.0, 1.0, 0.5, 1.0, 1.0, 0.0, 1.0, 1.0, 1.0, 1.0, 1.0, 0.75, 1.0, 0.75, 1.0, 1.0, 1.0, 0.0, 1.0, 1.0, 1.0, 1.0, 1.0, 1.0, 1.0, 1.0, 1.0, 1.0, 1.0, 0.0, 1.0, 1.0, 1.0, 1.0, 1.0, 1.0, 1.0, 1.0, 1.0, 1.0, 1.0, 0.0, 1.0, 1.0, 1.0, 1.0, 1.0, 1.0, 1.0, 1.0, 1.0, 1.0, 1.0, 1.0, 1.0, 1.0, 1.0, 1.0, 1.0, 1.0, 1.0, 1.0, 1.0, 1.0, 1.0, 1.0, 1.0, 1.0, 1.0, 1.0, 1.0, 1.0, 1.0, 0.75, 1.0, 1.0, 1.0, 0.0, 1.0, 1.0, 1.0, 1.0, 1.0, 1.0, 1.0, 1.0, 1.0, 1.0, 1.0, 0.0], "val_acc": [0.5, 0.75, 0.5, 1.0, 0.5, 1.0, 0.75, 0.6666666666666666, 1.0, 0.75, 0.75, 0.6666666666666666, 0.75, 1.0, 0.75, 0.6666666666666666, 1.0, 0.75, 0.5, 1.0, 0.5, 0.75, 1.0, 0.6666666666666666, 1.0, 1.0, 0.75, 0.6666666666666666, 1.0, 1.0, 1.0, 0.3333333333333333, 0.5, 1.0, 0.75, 1.0, 0.75, 0.5, 1.0, 1.0, 0.75, 0.25, 0.5, 1.0, 1.0, 0.75, 1.0, 0.3333333333333333, 0.5, 0.75, 0.5, 1.0, 0.75, 1.0, 0.75, 1.0, 0.75, 0.25, 1.0, 0.6666666666666666, 1.0, 0.5, 0.5, 0.6666666666666666, 1.0, 0.5, 0.5, 0.6666666666666666, 0.5, 1.0, 1.0, 0.6666666666666666, 0.5, 1.0, 0.75, 1.0, 0.75, 1.0, 1.0, 0.3333333333333333, 0.75, 0.75, 1.0, 0.6666666666666666, 1.0, 0.75, 0.75, 0.3333333333333333, 0.75, 0.25, 0.5, 1.0, 0.75, 1.0, 0.75, 1.0, 0.75, 0.75, 0.75, 1.0, 1.0, 0.5, 0.75, 1.0, 1.0, 0.75, 0.5, 1.0, 1.0, 0.75, 0.75, 0.6666666666666666, 1.0, 0.75, 0.75, 1.0, 0.75, 0.75, 1.0, 0.6666666666666666, 0.5, 1.0, 0.75, 1.0, 1.0, 1.0, 0.75, 0.6666666666666666, 0.75, 1.0, 0.75, 0.6666666666666666, 1.0, 1.0, 1.0, 0.3333333333333333, 1.0, 0.5, 1.0, 1.0, 1.0, 1.0, 0.5, 0.3333333333333333, 0.75, 0.75, 0.5, 1.0, 0.75, 0.5, 0.75, 1.0, 0.75, 0.75, 0.75, 0.6666666666666666, 0.5, 1.0, 1.0, 1.0],