{"epoch_history": {"loss": [2.406428098678589, 2.14032244682312, 2.007272481918335, 1.803862452507019, 1.7252639532089233, 1.6542414426803589, 1.4807639122009277, 1.340354323387146, 1.2984429597854614, 1.1607524156570435, 1.1228011846542358, 0.963223934173584, 0.9036988019943237, 0.8124212622642517, 0.6975928544998169, 0.8121231198310852, 0.5656909942626953, 0.5999264121055603, 0.5622662901878357, 0.4424118399620056, 0.40299317240715027, 0.3181602358818054, 0.3306116461753845, 0.3031719923019409, 0.3395731449127197, 0.30831462144851685, 0.17643539607524872, 0.18894626200199127, 0.16251327097415924, 0.12744107842445374, 0.20168761909008026, 0.1671251356601715, 0.13234981894493103, 0.21912874281406403, 0.15295447409152985, 0.07350577414035797, 0.08480160683393478, 0.11460034549236298, 0.13225291669368744, 0.06994948536157608], "val_loss": [2.3114147186279297, 2.2695515155792236, 2.266707420349121, 2.2728769779205322, 2.2811498641967773, 2.2923333644866943, 2.304885149002075, 2.316542863845825, 2.330103874206543, 2.3461697101593018, 2.36586856842041, 2.389955520629883, 2.418606758117676, 2.4444010257720947, 2.4869587421417236, 2.545722007751465, 2.625044345855713, 2.693843364715576, 2.7471630573272705, 2.8355236053466797, 2.95658016204834, 3.132446527481079, 3.3133533000946045, 3.481558322906494, 3.620091438293457, 3.747434616088867, 3.8634073734283447, 3.9463326930999756, 4.022042751312256, 4.114453315734863, 4.2223405838012695, 4.305781841278076, 4.376753330230713, 4.4219889640808105, 4.461020469665527, 4.492476463317871, 4.469229221343994, 4.44531774520874, 4.4686198234558105, 4.4475626945495605], "val_acc": [0.1, 0.1, 0.12, 0.12, 0.1, 0.12, 0.14, 0.14, 0.1, 0.08, 0.1, 0.12, 0.12, 0.12, 0.16, 0.14, 0.16, 0.16, 0.16, 0.18, 0.24, 0.24, 0.24, 0.18, 0.2, 0.22, 0.24, 0.24, 0.22, 0.22, 0.24, 0.24, 0.26, 0.28, 0.28, 0.28, 0.3, 0.28, 0.3, 0.28], "acc": [0.1, 0.14, 0.24, 0.48, 0.48, 0.42, 0.5, 0.62, 0.62, 0.66, 0.64, 0.76, 0.74, 0.82, 0.86, 0.82, 0.9, 0.86, 0.9, 0.88, 0.94, 0.98, 0.92, 0.96, 0.92, 0.94, 1.0, 0.98, 0.98, 0.98, 0.96, 0.94, 0.98, 0.92, 0.96, 0.98, 1.0, 0.98, 0.98, 1.0]}, "meta": {"train_size": 50, "epoch": 40, "cuda": true, "val_size": 50}, "iter_history": {"loss": [2.406428098678589, 2.14032244682312, 2.007272481918335, 1.803862452507019, 1.7252639532089233, 1.6542414426803589, 1.4807639122009277, 1.340354323387146, 1.2984429597854614, 1.1607524156570435, 1.1228011846542358, 0.963223934173584, 0.9036988019943237, 0.8124212622642517, 0.6975928544998169, 0.8121231198310852, 0.5656909942626953, 0.5999264121055603, 0.5622662901878357, 0.4424118399620056, 0.40299317240715027, 0.3181602358818054, 0.3306116461753845, 0.3031719923019409, 0.3395731449127197, 0.30831462144851685, 0.17643539607524872, 0.18894626200199127, 0.16251327097415924, 0.12744107842445374, 0.20168761909008026, 0.1671251356601715, 0.13234981894493103, 0.21912874281406403, 0.15295447409152985, 0.07350577414035797, 0.08480160683393478, 0.11460034549236298, 0.13225291669368744, 0.06994948536157608], "val_loss": [2.3114147186279297, 2.2695515155792236, 2.266707420349121, 2.2728769779205322, 2.2811498641967773, 2.2923333644866943, 2.304885149002075, 2.316542863845825, 2.330103874206543, 2.3461697101593018, 2.36586856842041, 2.389955520629883, 2.418606758117676, 2.4444010257720947, 2.4869587421417236, 2.545722007751465, 2.625044345855713, 2.693843364715576, 2.7471630573272705, 2.8355236053466797, 2.95658016204834, 3.132446527481079, 3.3133533000946045, 3.481558322906494, 3.620091438293457, 3.747434616088867, 3.8634073734283447, 3.9463326930999756, 4.022042751312256, 4.114453315734863, 4.2223405838012695, 4.305781841278076, 4.376753330230713, 4.4219889640808105, 4.461020469665527, 4.492476463317871, 4.469229221343994, 4.44531774520874, 4.4686198234558105, 4.4475626945495605], "val_acc": [0.1, 0.1, 0.12, 0.12, 0.1, 0.12, 0.14, 0.14, 0.1, 0.08, 0.1, 0.12, 0.12, 0.12, 0.16, 0.14, 0.16, 0.16, 0.16, 0.18, 0.24, 0.24, 0.24, 0.18, 0.2, 0.22, 0.24, 0.24, 0.22, 0.22, 0.24, 0.24, 0.26, 0.28, 0.28, 0.28, 0.3, 0.28, 0.3, 0.28], "acc": [0.1, 0.14, 0.24, 0.48, 0.48, 0.42, 0.5, 0.62, 0.62, 0.66, 0.64, 0.76, 0.74, 0.82, 0.86, 0.82, 0.9, 0.86, 0.9, 0.88, 0.94, 0.98, 0.92, 0.96, 0.92, 0.94, 1.0, 0.98, 0.98, 0.98, 0.96, 0.94, 0.98, 0.92, 0.96, 0.98, 1.0, 0.98, 0.98, 1.0]}}