{"meta": {"train_size": 50, "epoch": 40, "val_size": 50, "cuda": true}, "iter_history": {"val_acc": [0.08, 0.1, 0.1, 0.14, 0.22, 0.24, 0.24, 0.36, 0.4, 0.42, 0.44, 0.46, 0.5, 0.56, 0.56, 0.56, 0.6, 0.58, 0.56, 0.58, 0.58, 0.56, 0.58, 0.58, 0.6, 0.62, 0.62, 0.62, 0.66, 0.68, 0.68, 0.66, 0.66, 0.68, 0.68, 0.68, 0.66, 0.66, 0.66, 0.66], "loss": [2.5039327144622803, 2.340890884399414, 1.9994031190872192, 1.9548635482788086, 1.8579936027526855, 1.6243352890014648, 1.4540172815322876, 1.30037522315979, 1.17214834690094, 1.1158844232559204, 0.9703943729400635, 1.027061939239502, 0.9061405062675476, 0.8277225494384766, 0.7593998908996582, 0.8324004411697388, 0.7230609655380249, 0.5793805122375488, 0.5347758531570435, 0.5011348128318787, 0.5232332348823547, 0.4957873523235321, 0.41425663232803345, 0.48476850986480713, 0.42487239837646484, 0.27490270137786865, 0.3344079256057739, 0.29100191593170166, 0.2610050439834595, 0.299460768699646, 0.29917019605636597, 0.24599121510982513, 0.22111843526363373, 0.1599709391593933, 0.18186570703983307, 0.2024722546339035, 0.2701054811477661, 0.21997235715389252, 0.20195190608501434, 0.22505958378314972], "val_loss": [2.3501033782958984, 2.3040060997009277, 2.2489569187164307, 2.1896681785583496, 2.13325572013855, 2.070208787918091, 2.0016026496887207, 1.9269130229949951, 1.85068941116333, 1.7727383375167847, 1.698914647102356, 1.6207088232040405, 1.550025224685669, 1.4906028509140015, 1.4403842687606812, 1.3986501693725586, 1.3615269660949707, 1.329991340637207, 1.302485466003418, 1.2754766941070557, 1.2496699094772339, 1.223687767982483, 1.1977733373641968, 1.1719365119934082, 1.1429932117462158, 1.116516351699829, 1.0886043310165405, 1.0625191926956177, 1.0381464958190918, 1.0169557332992554, 1.0007866621017456, 0.9862872362136841, 0.9761152863502502, 0.9660581946372986, 0.959164559841156, 0.953538179397583, 0.9503599405288696, 0.9498113989830017, 0.947960615158081, 0.9486176371574402], "acc": [0.12, 0.12, 0.2, 0.24, 0.36, 0.54, 0.58, 0.72, 0.78, 0.78, 0.9, 0.72, 0.8, 0.86, 0.86, 0.86, 0.86, 0.94, 0.9, 0.9, 0.96, 0.9, 0.94, 0.88, 0.88, 1.0, 0.92, 0.98, 0.98, 0.98, 0.94, 0.98, 0.98, 1.0, 0.98, 0.98, 0.92, 0.96, 0.96, 0.94]}, "epoch_history": {"val_acc": [0.08, 0.1, 0.1, 0.14, 0.22, 0.24, 0.24, 0.36, 0.4, 0.42, 0.44, 0.46, 0.5, 0.56, 0.56, 0.56, 0.6, 0.58, 0.56, 0.58, 0.58, 0.56, 0.58, 0.58, 0.6, 0.62, 0.62, 0.62, 0.66, 0.68, 0.68, 0.66, 0.66, 0.68, 0.68, 0.68, 0.66, 0.66, 0.66, 0.66], "loss": [2.5039327144622803, 2.340890884399414, 1.9994031190872192, 1.9548635482788086, 1.8579936027526855, 1.6243352890014648, 1.4540172815322876, 1.30037522315979, 1.17214834690094, 1.1158844232559204, 0.9703943729400635, 1.027061939239502, 0.9061405062675476, 0.8277225494384766, 0.7593998908996582, 0.8324004411697388, 0.7230609655380249, 0.5793805122375488, 0.5347758531570435, 0.5011348128318787, 0.5232332348823547, 0.4957873523235321, 0.41425663232803345, 0.48476850986480713, 0.42487239837646484, 0.27490270137786865, 0.3344079256057739, 0.29100191593170166, 0.2610050439834595, 0.299460768699646, 0.29917019605636597, 0.24599121510982513, 0.22111843526363373, 0.1599709391593933, 0.18186570703983307, 0.2024722546339035, 0.2701054811477661, 0.21997235715389252, 0.20195190608501434, 0.22505958378314972], "val_loss": [2.3501033782958984, 2.3040060997009277, 2.2489569187164307, 2.1896681785583496, 2.13325572013855, 2.070208787918091, 2.0016026496887207, 1.9269130229949951, 1.85068941116333, 1.7727383375167847, 1.698914647102356, 1.6207088232040405, 1.550025224685669, 1.4906028509140015, 1.4403842687606812, 1.3986501693725586, 1.3615269660949707, 1.329991340637207, 1.302485466003418, 1.2754766941070557, 1.2496699094772339, 1.223687767982483, 1.1977733373641968, 1.1719365119934082, 1.1429932117462158, 1.116516351699829, 1.0886043310165405, 1.0625191926956177, 1.0381464958190918, 1.0169557332992554, 1.0007866621017456, 0.9862872362136841, 0.9761152863502502, 0.9660581946372986, 0.959164559841156, 0.953538179397583, 0.9503599405288696, 0.9498113989830017, 0.947960615158081, 0.9486176371574402], "acc": [0.12, 0.12, 0.2, 0.24, 0.36, 0.54, 0.58, 0.72, 0.78, 0.78, 0.9, 0.72, 0.8, 0.86, 0.86, 0.86, 0.86, 0.94, 0.9, 0.9, 0.96, 0.9, 0.94, 0.88, 0.88, 1.0, 0.92, 0.98, 0.98, 0.98, 0.94, 0.98, 0.98, 1.0, 0.98, 0.98, 0.92, 0.96, 0.96, 0.94]}}