{"meta": {"train_size": 45, "epoch": 40, "cuda": true, "val_size": 15}, "epoch_history": {"val_loss": [1.178529969851176, 1.1299256324768066, 1.1599330266316732, 1.1836299657821656, 1.1067978143692017, 1.1018287261327109, 1.1776537815729777, 1.2828141768773398, 1.1037689844767253, 1.0893239577611287, 1.1858341217041015, 1.0843027671178183, 1.1412712335586548, 1.1429150025049846, 1.1006398876508077, 1.1155069708824157, 1.1681318680445354, 1.126708984375, 1.0995139122009276, 1.0736472010612488, 1.0826342185338338, 1.1087239662806192, 1.0592911163965861, 1.1216520627339681, 1.0998098214467367, 1.0751067797342937, 1.0475278774897256, 1.075615398089091, 1.177277151743571, 1.1097610632578532, 1.0123503883679708, 1.0539893627166748, 1.1250290910402934, 1.1200777848561605, 1.0757553299268088, 1.1125149965286254, 1.0456087509791057, 1.1177601257960001, 1.0905421018600463, 1.075983421007792], "acc": [0.3333333333333333, 0.24444444444444444, 0.35555555555555557, 0.3111111111111111, 0.3111111111111111, 0.28888888888888886, 0.3111111111111111, 0.35555555555555557, 0.4, 0.4444444444444444, 0.3333333333333333, 0.5333333333333333, 0.4222222222222222, 0.4444444444444444, 0.4888888888888889, 0.4666666666666667, 0.4666666666666667, 0.4222222222222222, 0.4666666666666667, 0.4888888888888889, 0.4222222222222222, 0.4888888888888889, 0.5111111111111111, 0.4, 0.5777777777777777, 0.5333333333333333, 0.5333333333333333, 0.6444444444444445, 0.4, 0.4666666666666667, 0.5777777777777777, 0.5555555555555556, 0.6666666666666666, 0.6666666666666666, 0.6, 0.5333333333333333, 0.6222222222222222, 0.4888888888888889, 0.6, 0.5555555555555556], "val_acc": [0.26666666666666666, 0.3333333333333333, 0.3333333333333333, 0.2, 0.4, 0.26666666666666666, 0.3333333333333333, 0.13333333333333333, 0.3333333333333333, 0.4, 0.2, 0.3333333333333333, 0.3333333333333333, 0.26666666666666666, 0.3333333333333333, 0.4, 0.26666666666666666, 0.4, 0.4666666666666667, 0.6, 0.4, 0.4, 0.4, 0.3333333333333333, 0.3333333333333333, 0.4666666666666667, 0.3333333333333333, 0.4, 0.26666666666666666, 0.4666666666666667, 0.5333333333333333, 0.4, 0.2, 0.26666666666666666, 0.4, 0.4, 0.4, 0.26666666666666666, 0.4, 0.26666666666666666], "loss": [1.1503677156236436, 1.1381441301769681, 1.1227665424346924, 1.1544092151853773, 1.1145522170596653, 1.1093386517630683, 1.1199295149909125, 1.1150654236475626, 1.121928538216485, 1.075683887799581, 1.1045751280254787, 1.0560073640611436, 1.0471311728159587, 1.053358621067471, 1.0512009223302206, 1.066258594724867, 1.0797992202970716, 1.0679776032765707, 1.05871139632331, 1.0131138457192315, 1.0175788455539279, 1.0091713031133016, 1.0283520327674018, 1.008906560473972, 0.9855238808525933, 1.0030869060092502, 1.0300351354810926, 0.9749774906370375, 1.042660395304362, 0.9944781144460042, 0.9868621852662828, 0.9849847899542914, 0.945159649848938, 0.9756418784459432, 0.9461354732513427, 0.9669974539015028, 0.9799703359603882, 0.9938841740290324, 0.9712166521284316, 0.9617327107323541]}, "iter_history": {"val_loss": [1.1077921390533447, 1.3877785205841064, 1.1287115812301636, 1.06027352809906, 1.3056678771972656, 0.983661413192749, 1.187676191329956, 1.0136208534240723, 1.2638986110687256, 1.1224982738494873, 1.123321294784546, 1.1200408935546875, 0.951703667640686, 1.288179874420166, 1.3212313652038574, 1.1699966192245483, 1.0141525268554688, 1.2504738569259644, 1.0727837085723877, 1.0841089487075806, 1.1153541803359985, 1.0829768180847168, 0.9476431608200073, 1.3145114183425903, 1.339778184890747, 1.0556225776672363, 1.1217247247695923, 1.1987682580947876, 1.1183269023895264, 1.4539966583251953, 1.448163390159607, 1.0534216165542603, 0.8377158045768738, 1.3704369068145752, 0.9796654582023621, 1.268420696258545, 1.1564693450927734, 1.064405918121338, 0.9821062088012695, 1.1759778261184692, 1.1523163318634033, 1.205761432647705, 1.1842166185379028, 1.2061114311218262, 1.0627423524856567, 1.0518289804458618, 1.0149526596069336, 1.2488151788711548, 1.098022699356079, 1.085262656211853, 1.106606364250183, 1.3198338747024536, 1.3206555843353271, 0.9895811080932617, 1.1627821922302246, 1.0838831663131714, 1.1321097612380981, 1.1735303401947021, 1.0778872966766357, 0.9918295741081238, 1.0512505769729614, 1.228480577468872, 1.1753453016281128, 0.9707662463188171, 1.0166857242584229, 1.3165819644927979, 1.1650937795639038, 1.1761773824691772, 1.207790732383728, 1.154241919517517, 0.8168113231658936, 1.3950862884521484, 1.0963808298110962, 1.0582540035247803, 1.2400604486465454, 0.9713091850280762, 1.139941930770874, 1.0720319747924805, 1.0770959854125977, 0.9828094840049744, 1.0679566860198975, 1.0609607696533203, 1.1424932479858398, 1.0512901544570923, 1.0385618209838867, 1.1762549877166748, 0.967421293258667, 1.3006356954574585, 1.0433111190795898, 0.9465705156326294, 1.1692029237747192, 1.0843428373336792, 1.0705076456069946, 1.073109745979309, 1.2702107429504395, 1.0564894676208496, 1.125709056854248, 1.1885476112365723, 1.0833237171173096, 0.9689419269561768, 1.1494187116622925, 1.238537073135376, 1.0506324768066406, 0.7907495498657227, 1.2821604013442993, 1.0413892269134521, 0.7876285314559937, 1.0894018411636353, 1.1721391677856445, 0.9503138065338135, 1.062670111656189, 1.1312462091445923, 1.252091407775879, 1.0415178537368774, 1.1641196012496948, 1.27608060836792, 1.2604347467422485, 0.9472128748893738, 1.2241090536117554, 0.9731297492980957, 0.8783969283103943, 1.1031217575073242, 1.1408536434173584, 0.8985888361930847, 1.2376627922058105, 0.9077592492103577, 0.9464970827102661, 1.147387981414795, 1.2501626014709473, 1.1975126266479492, 1.0240204334259033, 0.9962179064750671, 1.176443099975586, 1.0084974765777588, 1.132828712463379, 1.176696538925171, 1.2397710084915161, 0.9451585412025452, 1.2026184797286987, 0.86204594373703, 1.186432957649231, 0.9307284951210022, 1.1242403984069824, 1.2407058477401733, 1.108666181564331, 0.8982425928115845, 1.0339436531066895, 1.1735738515853882, 1.0994040966033936, 0.9521623253822327, 1.2512954473495483, 1.184984803199768, 0.9979347586631775, 1.2987720966339111, 0.9603497982025146, 1.1099683046340942, 1.058523178100586, 1.1277090311050415, 0.8739346265792847, 1.2996946573257446],