{"meta": {"epoch": 40, "val_size": 50, "train_size": 50, "cuda": true}, "iter_history": {"acc": [0.1, 0.14, 0.18, 0.18, 0.2, 0.32, 0.42, 0.48, 0.44, 0.58, 0.62, 0.64, 0.62, 0.7, 0.64, 0.8, 0.76, 0.74, 0.82, 0.86, 0.86, 0.86, 0.84, 0.88, 0.9, 0.9, 0.96, 0.92, 0.96, 1.0, 0.94, 1.0, 0.98, 1.0, 1.0, 0.98, 1.0, 0.96, 0.98, 1.0], "val_loss": [2.462376117706299, 2.4509663581848145, 2.3592875003814697, 2.291782855987549, 2.265622854232788, 2.252869129180908, 2.2418837547302246, 2.2261579036712646, 2.212717056274414, 2.213289976119995, 2.234018325805664, 2.269188165664673, 2.313004732131958, 2.3578569889068604, 2.389822483062744, 2.4172120094299316, 2.441922664642334, 2.4669454097747803, 2.4855992794036865, 2.509636163711548, 2.552963972091675, 2.6064395904541016, 2.6607930660247803, 2.7157299518585205, 2.7662408351898193, 2.829111099243164, 2.8831262588500977, 2.909468412399292, 2.951925754547119, 2.9970736503601074, 3.060927391052246, 3.133664608001709, 3.1694393157958984, 3.2039010524749756, 3.2355241775512695, 3.2542014122009277, 3.259434223175049, 3.3050835132598877, 3.4012274742126465, 3.541949510574341], "loss": [2.474571704864502, 2.285766363143921, 2.170574426651001, 2.0807769298553467, 2.0011417865753174, 1.9018000364303589, 1.825943112373352, 1.6230560541152954, 1.6036365032196045, 1.4931764602661133, 1.440727949142456, 1.3226501941680908, 1.3129396438598633, 1.1961596012115479, 1.1968941688537598, 0.983215868473053, 0.9420133233070374, 0.9413191080093384, 0.8227871656417847, 0.7619080543518066, 0.6813483238220215, 0.6463172435760498, 0.6645834445953369, 0.6257423162460327, 0.4255252182483673, 0.42881545424461365, 0.44740596413612366, 0.36121514439582825, 0.33018797636032104, 0.25111353397369385, 0.295358270406723, 0.21961721777915955, 0.20848622918128967, 0.1347244381904602, 0.16841484606266022, 0.1717642992734909, 0.11064223200082779, 0.18288856744766235, 0.14141923189163208, 0.10647127777338028], "val_acc": [0.1, 0.1, 0.12, 0.12, 0.1, 0.1, 0.14, 0.18, 0.2, 0.16, 0.18, 0.16, 0.12, 0.12, 0.16, 0.16, 0.16, 0.2, 0.18, 0.16, 0.18, 0.2, 0.2, 0.22, 0.24, 0.24, 0.24, 0.24, 0.24, 0.24, 0.26, 0.26, 0.24, 0.24, 0.24, 0.24, 0.24, 0.26, 0.24, 0.18]}, "epoch_history": {"acc": [0.1, 0.14, 0.18, 0.18, 0.2, 0.32, 0.42, 0.48, 0.44, 0.58, 0.62, 0.64, 0.62, 0.7, 0.64, 0.8, 0.76, 0.74, 0.82, 0.86, 0.86, 0.86, 0.84, 0.88, 0.9, 0.9, 0.96, 0.92, 0.96, 1.0, 0.94, 1.0, 0.98, 1.0, 1.0, 0.98, 1.0, 0.96, 0.98, 1.0], "val_loss": [2.462376117706299, 2.4509663581848145, 2.3592875003814697, 2.291782855987549, 2.265622854232788, 2.252869129180908, 2.2418837547302246, 2.2261579036712646, 2.212717056274414, 2.213289976119995, 2.234018325805664, 2.269188165664673, 2.313004732131958, 2.3578569889068604, 2.389822483062744, 2.4172120094299316, 2.441922664642334, 2.4669454097747803, 2.4855992794036865, 2.509636163711548, 2.552963972091675, 2.6064395904541016, 2.6607930660247803, 2.7157299518585205, 2.7662408351898193, 2.829111099243164, 2.8831262588500977, 2.909468412399292, 2.951925754547119, 2.9970736503601074, 3.060927391052246, 3.133664608001709, 3.1694393157958984, 3.2039010524749756, 3.2355241775512695, 3.2542014122009277, 3.259434223175049, 3.3050835132598877, 3.4012274742126465, 3.541949510574341], "loss": [2.474571704864502, 2.285766363143921, 2.170574426651001, 2.0807769298553467, 2.0011417865753174, 1.9018000364303589, 1.825943112373352, 1.6230560541152954, 1.6036365032196045, 1.4931764602661133, 1.440727949142456, 1.3226501941680908, 1.3129396438598633, 1.1961596012115479, 1.1968941688537598, 0.983215868473053, 0.9420133233070374, 0.9413191080093384, 0.8227871656417847, 0.7619080543518066, 0.6813483238220215, 0.6463172435760498, 0.6645834445953369, 0.6257423162460327, 0.4255252182483673, 0.42881545424461365, 0.44740596413612366, 0.36121514439582825, 0.33018797636032104, 0.25111353397369385, 0.295358270406723, 0.21961721777915955, 0.20848622918128967, 0.1347244381904602, 0.16841484606266022, 0.1717642992734909, 0.11064223200082779, 0.18288856744766235, 0.14141923189163208, 0.10647127777338028], "val_acc": [0.1, 0.1, 0.12, 0.12, 0.1, 0.1, 0.14, 0.18, 0.2, 0.16, 0.18, 0.16, 0.12, 0.12, 0.16, 0.16, 0.16, 0.2, 0.18, 0.16, 0.18, 0.2, 0.2, 0.22, 0.24, 0.24, 0.24, 0.24, 0.24, 0.24, 0.26, 0.26, 0.24, 0.24, 0.24, 0.24, 0.24, 0.26, 0.24, 0.18]}}