{"iter_history": {"val_loss": [2.4865245819091797, 2.4117116928100586, 2.3332886695861816, 2.2553906440734863, 2.183774471282959, 2.1241912841796875, 2.06210994720459, 2.0107192993164062, 1.9602534770965576, 1.912980556488037, 1.8721284866333008, 1.8355822563171387, 1.8024301528930664, 1.7729673385620117, 1.744942307472229, 1.718217372894287, 1.6940058469772339, 1.6745867729187012, 1.6499977111816406, 1.6243406534194946, 1.600915551185608, 1.5767687559127808, 1.5573328733444214, 1.5377082824707031, 1.5233070850372314, 1.5093377828598022, 1.500583291053772, 1.4925285577774048, 1.4891504049301147, 1.4893211126327515, 1.4903159141540527, 1.4943395853042603, 1.49871027469635, 1.502241611480713, 1.5079210996627808, 1.5118913650512695, 1.5159504413604736, 1.5185149908065796, 1.523536205291748, 1.5293387174606323], "val_acc": [0.06, 0.06, 0.06, 0.14, 0.2, 0.26, 0.32, 0.3, 0.3, 0.32, 0.32, 0.36, 0.36, 0.36, 0.4, 0.4, 0.44, 0.44, 0.44, 0.48, 0.5, 0.52, 0.52, 0.54, 0.56, 0.56, 0.52, 0.52, 0.52, 0.52, 0.54, 0.54, 0.56, 0.56, 0.56, 0.56, 0.56, 0.54, 0.54, 0.54], "acc": [0.08, 0.14, 0.34, 0.56, 0.66, 0.82, 0.84, 0.88, 0.98, 0.96, 0.96, 0.98, 0.94, 1.0, 1.0, 1.0, 1.0, 1.0, 0.98, 0.94, 1.0, 1.0, 1.0, 1.0, 1.0, 1.0, 1.0, 1.0, 1.0, 1.0, 1.0, 1.0, 1.0, 1.0, 1.0, 1.0, 1.0, 1.0, 1.0, 1.0], "loss": [2.508650064468384, 2.275753974914551, 1.9254860877990723, 1.773410439491272, 1.5882893800735474, 1.3409576416015625, 1.2048450708389282, 1.0975159406661987, 0.8977068066596985, 0.7759494781494141, 0.7719008922576904, 0.6361598968505859, 0.5719172954559326, 0.3977351486682892, 0.3605022728443146, 0.34994515776634216, 0.30355197191238403, 0.29492759704589844, 0.33944380283355713, 0.2739819288253784, 0.21030570566654205, 0.16393986344337463, 0.1540389209985733, 0.15571768581867218, 0.11074991524219513, 0.1287270039319992, 0.09670700877904892, 0.06830448657274246, 0.09198646247386932, 0.06386202573776245, 0.06951810419559479, 0.05765774846076965, 0.05009758472442627, 0.056839242577552795, 0.05145398527383804, 0.05626814067363739, 0.0858529582619667, 0.04746011272072792, 0.08100143074989319, 0.06653700768947601]}, "epoch_history": {"val_loss": [2.4865245819091797, 2.4117116928100586, 2.3332886695861816, 2.2553906440734863, 2.183774471282959, 2.1241912841796875, 2.06210994720459, 2.0107192993164062, 1.9602534770965576, 1.912980556488037, 1.8721284866333008, 1.8355822563171387, 1.8024301528930664, 1.7729673385620117, 1.744942307472229, 1.718217372894287, 1.6940058469772339, 1.6745867729187012, 1.6499977111816406, 1.6243406534194946, 1.600915551185608, 1.5767687559127808, 1.5573328733444214, 1.5377082824707031, 1.5233070850372314, 1.5093377828598022, 1.500583291053772, 1.4925285577774048, 1.4891504049301147, 1.4893211126327515, 1.4903159141540527, 1.4943395853042603, 1.49871027469635, 1.502241611480713, 1.5079210996627808, 1.5118913650512695, 1.5159504413604736, 1.5185149908065796, 1.523536205291748, 1.5293387174606323], "val_acc": [0.06, 0.06, 0.06, 0.14, 0.2, 0.26, 0.32, 0.3, 0.3, 0.32, 0.32, 0.36, 0.36, 0.36, 0.4, 0.4, 0.44, 0.44, 0.44, 0.48, 0.5, 0.52, 0.52, 0.54, 0.56, 0.56, 0.52, 0.52, 0.52, 0.52, 0.54, 0.54, 0.56, 0.56, 0.56, 0.56, 0.56, 0.54, 0.54, 0.54], "acc": [0.08, 0.14, 0.34, 0.56, 0.66, 0.82, 0.84, 0.88, 0.98, 0.96, 0.96, 0.98, 0.94, 1.0, 1.0, 1.0, 1.0, 1.0, 0.98, 0.94, 1.0, 1.0, 1.0, 1.0, 1.0, 1.0, 1.0, 1.0, 1.0, 1.0, 1.0, 1.0, 1.0, 1.0, 1.0, 1.0, 1.0, 1.0, 1.0, 1.0], "loss": [2.508650064468384, 2.275753974914551, 1.9254860877990723, 1.773410439491272, 1.5882893800735474, 1.3409576416015625, 1.2048450708389282, 1.0975159406661987, 0.8977068066596985, 0.7759494781494141, 0.7719008922576904, 0.6361598968505859, 0.5719172954559326, 0.3977351486682892, 0.3605022728443146, 0.34994515776634216, 0.30355197191238403, 0.29492759704589844, 0.33944380283355713, 0.2739819288253784, 0.21030570566654205, 0.16393986344337463, 0.1540389209985733, 0.15571768581867218, 0.11074991524219513, 0.1287270039319992, 0.09670700877904892, 0.06830448657274246, 0.09198646247386932, 0.06386202573776245, 0.06951810419559479, 0.05765774846076965, 0.05009758472442627, 0.056839242577552795, 0.05145398527383804, 0.05626814067363739, 0.0858529582619667, 0.04746011272072792, 0.08100143074989319, 0.06653700768947601]}, "meta": {"cuda": true, "train_size": 50, "epoch": 40, "val_size": 50}}