{"meta": {"val_size": 50, "train_size": 50, "epoch": 40, "cuda": true}, "epoch_history": {"loss": [2.3265492916107178, 2.219816207885742, 2.194690704345703, 2.099693775177002, 2.083641529083252, 2.1044983863830566, 2.00950026512146, 1.9660197496414185, 1.9644259214401245, 1.8544114828109741, 1.8693536520004272, 1.8645107746124268, 1.8640985488891602, 1.7789615392684937, 1.7805253267288208, 1.6895004510879517, 1.7055535316467285, 1.6856675148010254, 1.667514681816101, 1.6765446662902832, 1.557944655418396, 1.5353704690933228, 1.5259836912155151, 1.4704985618591309, 1.4457188844680786, 1.4066320657730103, 1.365869402885437, 1.3688404560089111, 1.3635947704315186, 1.4248673915863037, 1.3692502975463867, 1.2487984895706177, 1.2346547842025757, 1.277458906173706, 1.1621030569076538, 1.2512545585632324, 1.2669655084609985, 1.0231109857559204, 1.0484830141067505, 1.0228196382522583], "acc": [0.1, 0.26, 0.2, 0.28, 0.28, 0.26, 0.3, 0.28, 0.34, 0.36, 0.26, 0.34, 0.38, 0.46, 0.4, 0.52, 0.48, 0.42, 0.38, 0.46, 0.46, 0.48, 0.4, 0.58, 0.62, 0.56, 0.54, 0.64, 0.62, 0.62, 0.5, 0.6, 0.66, 0.68, 0.6, 0.66, 0.58, 0.76, 0.7, 0.72], "val_acc": [0.1, 0.1, 0.14, 0.14, 0.1, 0.08, 0.12, 0.14, 0.14, 0.12, 0.12, 0.12, 0.12, 0.1, 0.1, 0.1, 0.1, 0.14, 0.14, 0.14, 0.16, 0.16, 0.16, 0.16, 0.16, 0.18, 0.2, 0.18, 0.16, 0.16, 0.22, 0.28, 0.28, 0.24, 0.22, 0.22, 0.24, 0.24, 0.3, 0.26], "val_loss": [2.364053964614868, 2.338569402694702, 2.3072500228881836, 2.2807846069335938, 2.2651889324188232, 2.255305528640747, 2.2579267024993896, 2.2669429779052734, 2.28012752532959, 2.300731658935547, 2.325819969177246, 2.3496592044830322, 2.3672351837158203, 2.378506660461426, 2.380664110183716, 2.3682165145874023, 2.3421599864959717, 2.309804916381836, 2.2821621894836426, 2.2457427978515625, 2.229219436645508, 2.2327969074249268, 2.24247407913208, 2.210771083831787, 2.175830602645874, 2.1517553329467773, 2.139883518218994, 2.1741743087768555, 2.235797643661499, 2.2487690448760986, 2.1529722213745117, 2.044959306716919, 1.9922024011611938, 2.020190477371216, 2.0891382694244385, 2.1110806465148926, 2.077686309814453, 2.037381172180176, 2.058772325515747, 2.1280128955841064]}, "iter_history": {"loss": [2.3265492916107178, 2.219816207885742, 2.194690704345703, 2.099693775177002, 2.083641529083252, 2.1044983863830566, 2.00950026512146, 1.9660197496414185, 1.9644259214401245, 1.8544114828109741, 1.8693536520004272, 1.8645107746124268, 1.8640985488891602, 1.7789615392684937, 1.7805253267288208, 1.6895004510879517, 1.7055535316467285, 1.6856675148010254, 1.667514681816101, 1.6765446662902832, 1.557944655418396, 1.5353704690933228, 1.5259836912155151, 1.4704985618591309, 1.4457188844680786, 1.4066320657730103, 1.365869402885437, 1.3688404560089111, 1.3635947704315186, 1.4248673915863037, 1.3692502975463867, 1.2487984895706177, 1.2346547842025757, 1.277458906173706, 1.1621030569076538, 1.2512545585632324, 1.2669655084609985, 1.0231109857559204, 1.0484830141067505, 1.0228196382522583], "acc": [0.1, 0.26, 0.2, 0.28, 0.28, 0.26, 0.3, 0.28, 0.34, 0.36, 0.26, 0.34, 0.38, 0.46, 0.4, 0.52, 0.48, 0.42, 0.38, 0.46, 0.46, 0.48, 0.4, 0.58, 0.62, 0.56, 0.54, 0.64, 0.62, 0.62, 0.5, 0.6, 0.66, 0.68, 0.6, 0.66, 0.58, 0.76, 0.7, 0.72], "val_acc": [0.1, 0.1, 0.14, 0.14, 0.1, 0.08, 0.12, 0.14, 0.14, 0.12, 0.12, 0.12, 0.12, 0.1, 0.1, 0.1, 0.1, 0.14, 0.14, 0.14, 0.16, 0.16, 0.16, 0.16, 0.16, 0.18, 0.2, 0.18, 0.16, 0.16, 0.22, 0.28, 0.28, 0.24, 0.22, 0.22, 0.24, 0.24, 0.3, 0.26], "val_loss": [2.364053964614868, 2.338569402694702, 2.3072500228881836, 2.2807846069335938, 2.2651889324188232, 2.255305528640747, 2.2579267024993896, 2.2669429779052734, 2.28012752532959, 2.300731658935547, 2.325819969177246, 2.3496592044830322, 2.3672351837158203, 2.378506660461426, 2.380664110183716, 2.3682165145874023, 2.3421599864959717, 2.309804916381836, 2.2821621894836426, 2.2457427978515625, 2.229219436645508, 2.2327969074249268, 2.24247407913208, 2.210771083831787, 2.175830602645874, 2.1517553329467773, 2.139883518218994, 2.1741743087768555, 2.235797643661499, 2.2487690448760986, 2.1529722213745117, 2.044959306716919, 1.9922024011611938, 2.020190477371216, 2.0891382694244385, 2.1110806465148926, 2.077686309814453, 2.037381172180176, 2.058772325515747, 2.1280128955841064]}}