{"meta": {"cuda": true, "epoch": 40, "train_size": 50, "val_size": 50}, "epoch_history": {"val_loss": [2.1656670570373535, 1.99808669090271, 1.8492964506149292, 1.7181297540664673, 1.5973445177078247, 1.490358591079712, 1.3949635028839111, 1.3137733936309814, 1.2431241273880005, 1.1809110641479492, 1.1269521713256836, 1.0831328630447388, 1.042600393295288, 1.008954644203186, 0.9792907238006592, 0.9550387859344482, 0.9343209862709045, 0.9141706824302673, 0.8980080485343933, 0.8845721483230591, 0.8710014224052429, 0.8612061142921448, 0.8522273302078247, 0.8461570739746094, 0.8398898243904114, 0.8355908393859863, 0.8319334387779236, 0.8284835815429688, 0.8241162300109863, 0.8210331201553345, 0.8206779360771179, 0.8183865547180176, 0.8180926442146301, 0.816133975982666, 0.8165099620819092, 0.8179539442062378, 0.8169026374816895, 0.8185520768165588, 0.8187533617019653, 0.8189486861228943], "loss": [2.5402681827545166, 2.183143377304077, 1.7652451992034912, 1.5601019859313965, 1.2798994779586792, 1.0175360441207886, 0.8023055791854858, 0.6256384253501892, 0.5669247508049011, 0.422099232673645, 0.414864182472229, 0.36081209778785706, 0.24217529594898224, 0.18129289150238037, 0.15282896161079407, 0.15867671370506287, 0.11757166683673859, 0.08148354291915894, 0.07682335376739502, 0.0838853046298027, 0.0639115646481514, 0.056772418320178986, 0.05020928382873535, 0.03564223274588585, 0.04925812780857086, 0.04402574896812439, 0.031372178345918655, 0.027665086090564728, 0.023923439905047417, 0.04513591155409813, 0.025159616023302078, 0.02185451053082943, 0.02195298671722412, 0.025329461321234703, 0.02735745906829834, 0.021939311176538467, 0.018044395372271538, 0.021067213267087936, 0.030848877504467964, 0.012858858332037926], "acc": [0.1, 0.24, 0.44, 0.58, 0.8, 0.94, 0.92, 1.0, 1.0, 1.0, 0.98, 1.0, 1.0, 1.0, 1.0, 1.0, 1.0, 1.0, 1.0, 1.0, 1.0, 1.0, 1.0, 1.0, 1.0, 1.0, 1.0, 1.0, 1.0, 1.0, 1.0, 1.0, 1.0, 1.0, 1.0, 1.0, 1.0, 1.0, 1.0, 1.0], "val_acc": [0.26, 0.4, 0.48, 0.54, 0.54, 0.58, 0.7, 0.7, 0.7, 0.72, 0.7, 0.72, 0.74, 0.74, 0.74, 0.72, 0.72, 0.72, 0.74, 0.74, 0.72, 0.72, 0.7, 0.7, 0.7, 0.7, 0.7, 0.7, 0.7, 0.7, 0.72, 0.72, 0.72, 0.72, 0.72, 0.72, 0.72, 0.72, 0.72, 0.72]}, "iter_history": {"val_loss": [2.1656670570373535, 1.99808669090271, 1.8492964506149292, 1.7181297540664673, 1.5973445177078247, 1.490358591079712, 1.3949635028839111, 1.3137733936309814, 1.2431241273880005, 1.1809110641479492, 1.1269521713256836, 1.0831328630447388, 1.042600393295288, 1.008954644203186, 0.9792907238006592, 0.9550387859344482, 0.9343209862709045, 0.9141706824302673, 0.8980080485343933, 0.8845721483230591, 0.8710014224052429, 0.8612061142921448, 0.8522273302078247, 0.8461570739746094, 0.8398898243904114, 0.8355908393859863, 0.8319334387779236, 0.8284835815429688, 0.8241162300109863, 0.8210331201553345, 0.8206779360771179, 0.8183865547180176, 0.8180926442146301, 0.816133975982666, 0.8165099620819092, 0.8179539442062378, 0.8169026374816895, 0.8185520768165588, 0.8187533617019653, 0.8189486861228943], "loss": [2.5402681827545166, 2.183143377304077, 1.7652451992034912, 1.5601019859313965, 1.2798994779586792, 1.0175360441207886, 0.8023055791854858, 0.6256384253501892, 0.5669247508049011, 0.422099232673645, 0.414864182472229, 0.36081209778785706, 0.24217529594898224, 0.18129289150238037, 0.15282896161079407, 0.15867671370506287, 0.11757166683673859, 0.08148354291915894, 0.07682335376739502, 0.0838853046298027, 0.0639115646481514, 0.056772418320178986, 0.05020928382873535, 0.03564223274588585, 0.04925812780857086, 0.04402574896812439, 0.031372178345918655, 0.027665086090564728, 0.023923439905047417, 0.04513591155409813, 0.025159616023302078, 0.02185451053082943, 0.02195298671722412, 0.025329461321234703, 0.02735745906829834, 0.021939311176538467, 0.018044395372271538, 0.021067213267087936, 0.030848877504467964, 0.012858858332037926], "acc": [0.1, 0.24, 0.44, 0.58, 0.8, 0.94, 0.92, 1.0, 1.0, 1.0, 0.98, 1.0, 1.0, 1.0, 1.0, 1.0, 1.0, 1.0, 1.0, 1.0, 1.0, 1.0, 1.0, 1.0, 1.0, 1.0, 1.0, 1.0, 1.0, 1.0, 1.0, 1.0, 1.0, 1.0, 1.0, 1.0, 1.0, 1.0, 1.0, 1.0], "val_acc": [0.26, 0.4, 0.48, 0.54, 0.54, 0.58, 0.7, 0.7, 0.7, 0.72, 0.7, 0.72, 0.74, 0.74, 0.74, 0.72, 0.72, 0.72, 0.74, 0.74, 0.72, 0.72, 0.7, 0.7, 0.7, 0.7, 0.7, 0.7, 0.7, 0.7, 0.72, 0.72, 0.72, 0.72, 0.72, 0.72, 0.72, 0.72, 0.72, 0.72]}}