{"meta": {"val_size": 200, "epoch": 40, "train_size": 200, "cuda": true}, "epoch_history": {"loss": [2.3651017475128175, 1.8754977321624755, 1.5920908594131469, 1.3174434995651245, 1.1533786392211913, 1.0013455581665038, 0.9391781234741211, 0.7800525307655335, 0.6920696330070496, 0.5827373421192169, 0.5681003618240357, 0.4645817136764526, 0.4640755796432495, 0.4161675882339477, 0.40738227367401125, 0.3314297878742218, 0.3299568128585815, 0.2585099124908447, 0.2358561396598816, 0.23970690488815308, 0.2074415671825409, 0.23435643315315247, 0.19484922409057617, 0.18854522824287415, 0.1904092401266098, 0.1665141201019287, 0.15511688470840454, 0.13680005311965943, 0.15938321113586426, 0.16253210186958314, 0.11547667741775512, 0.10270140171051026, 0.1346064841747284, 0.14878145933151246, 0.12746841430664063, 0.1446566390991211, 0.16518078327178956, 0.1696839451789856, 0.12424503922462464, 0.09751091957092285], "acc": [0.115, 0.44, 0.575, 0.68, 0.755, 0.76, 0.78, 0.835, 0.83, 0.88, 0.845, 0.92, 0.9, 0.88, 0.915, 0.94, 0.94, 0.945, 0.97, 0.97, 0.98, 0.965, 0.97, 0.975, 0.96, 0.97, 0.975, 0.97, 0.97, 0.96, 0.985, 0.985, 0.965, 0.96, 0.985, 0.975, 0.96, 0.96, 0.97, 0.98], "val_acc": [0.16, 0.325, 0.4, 0.47, 0.525, 0.56, 0.57, 0.61, 0.615, 0.615, 0.65, 0.65, 0.645, 0.67, 0.67, 0.645, 0.67, 0.675, 0.69, 0.67, 0.665, 0.675, 0.685, 0.695, 0.69, 0.685, 0.675, 0.685, 0.66, 0.65, 0.67, 0.675, 0.695, 0.695, 0.695, 0.7, 0.69, 0.695, 0.675, 0.695], "val_loss": [2.2874777364730834, 2.03898193359375, 1.8164660120010376, 1.6253661823272705, 1.4751812314987183, 1.3126399898529053, 1.1935581874847412, 1.1019839477539062, 1.0557825589179992, 1.0277016901969909, 0.9886962985992431, 0.9773200225830078, 0.9709057259559631, 0.9604962110519409, 0.9527373600006104, 0.9642130184173584, 0.965831093788147, 0.9535607481002808, 0.9254945611953735, 0.9226356315612793, 0.9334322690963746, 0.9248542070388794, 0.9154278755187988, 0.8978748822212219, 0.9049680328369141, 0.9315486574172973, 0.9618158292770386, 0.9700238037109375, 1.0005866360664368, 1.0093259739875793, 0.9684043765068054, 0.9402654457092285, 0.9249361705780029, 0.937999210357666, 0.9480037021636963, 0.9728989362716675, 0.984200427532196, 0.9532801628112793, 0.940714898109436, 0.9451348900794982]}, "iter_history": {"loss": [2.4364843368530273, 2.421114206314087, 2.2973828315734863, 1.8876926898956299, 1.938826084136963, 1.8573044538497925, 1.807328701019287, 2.05976939201355, 1.6357042789459229, 1.6715060472488403, 1.487821102142334, 1.442020058631897, 1.490113377571106, 1.2460341453552246, 1.267499566078186, 0.90691077709198, 1.2666774988174438, 1.037740707397461, 1.1283849477767944, 1.3720407485961914, 0.9537721872329712, 1.0975373983383179, 0.9528606534004211, 1.000277042388916, 1.00422203540802, 0.9907486438751221, 0.8226611614227295, 0.9383983612060547, 0.7516525387763977, 0.8231804370880127, 0.7591181397438049, 0.8297043442726135, 0.5945901870727539, 0.7510448694229126, 0.727131187915802, 0.719610869884491, 0.6035537719726562, 0.6371431350708008, 0.5210510492324829, 0.47444990277290344, 0.67242431640625, 0.47789818048477173, 0.5675833821296692, 0.45926201343536377, 0.4074511229991913, 0.48108044266700745, 0.4894154667854309, 0.5909665822982788, 0.4690368175506592, 0.5272873640060425, 0.35589349269866943, 0.784148097038269, 0.4457825720310211, 0.3904802203178406, 0.4080735146999359, 0.449499249458313, 0.40280258655548096, 0.41835635900497437, 0.3436143696308136, 0.8663703203201294, 0.37911292910575867, 0.28392618894577026, 0.3351723551750183, 0.3000529110431671, 0.3635781407356262, 0.3341672420501709, 0.2707979083061218, 0.500573992729187, 0.2698391079902649, 0.20369723439216614, 0.22364701330661774, 0.885280966758728, 0.29194459319114685, 0.1893712431192398, 0.21053418517112732, 0.361603319644928, 0.2354351282119751, 0.221917986869812, 0.2099151611328125, 0.65452641248703, 0.16310544312000275, 0.3076813817024231, 0.1523979902267456, 0.20056065917015076, 0.35489124059677124, 0.19221916794776917, 0.13685867190361023, 0.38715818524360657, 0.1473940908908844, 0.1519702970981598, 0.20813950896263123, 0.811199426651001, 0.23200400173664093, 0.1430007964372635, 0.1556597352027893, 0.46831443905830383, 0.19816890358924866, 0.19301235675811768, 0.17328055202960968, 0.24453650414943695, 0.15305407345294952, 0.11608519405126572, 0.1941547691822052, 0.45650070905685425, 0.11720902472734451, 0.1715089976787567, 0.11703662574291229, 0.6318849325180054, 0.10863010585308075, 0.15762117505073547, 0.12359803915023804, 0.3012067675590515, 0.09140242636203766, 0.2079879492521286, 0.12040692567825317, 0.626201868057251, 0.15014253556728363, 0.10287188738584518, 0.2170037180185318, 0.30315741896629333, 0.07233400642871857, 0.09595903009176254, 0.16092264652252197, 0.2531914710998535, 0.0856580138206482, 0.11441894620656967, 0.09094367176294327, 0.23936998844146729, 0.17800767719745636, 0.128458172082901, 0.07557244598865509, 0.30885574221611023, 0.10184776782989502, 0.1261112242937088, 0.15375107526779175, 0.6658559441566467, 0.11702930182218552, 0.07836636155843735, 0.1393856704235077, 0.5084596872329712, 0.15735536813735962, 0.17653197050094604, 0.10286302864551544, 0.1224130392074585, 0.13100500404834747, 0.1792365461587906, 0.17008750140666962, 0.28688716888427734, 0.17333829402923584, 0.19460263848304749, 0.142607182264328, 0.15771371126174927, 0.0725664347410202, 0.11979281902313232, 0.1403808891773224, 0.44420483708381653, 0.07469534128904343, 0.060016680508852005, 0.11329711228609085, 0.45369991660118103], "acc": [0.0625, 0.078125, 0.15625, 0.5, 0.40625, 0.484375, 0.453125, 0.25, 0.53125, 0.515625, 0.640625, 0.875, 0.609375, 0.6875, 0.703125, 1.0, 0.640625, 0.90625, 0.75, 0.5, 0.765625, 0.703125, 0.8125, 0.75, 0.75, 0.734375, 0.859375, 0.75, 0.859375, 0.765625, 0.875, 0.875, 0.859375, 0.796875, 0.828125, 0.875, 0.90625, 0.828125, 0.90625, 0.875, 0.78125, 0.875, 0.859375, 1.0, 0.953125, 0.890625, 0.90625, 1.0, 0.90625, 0.859375, 0.953125, 0.75, 0.875, 0.875, 0.890625, 0.875, 0.921875, 0.921875, 0.921875, 0.75, 0.953125, 0.953125, 0.90625, 1.0, 0.9375, 0.9375, 0.953125, 0.875, 0.921875, 0.96875, 0.953125, 0.875, 0.96875, 0.984375, 0.96875, 0.875, 1.0, 0.96875, 0.96875, 0.75, 0.984375, 0.953125, 1.0, 1.0, 0.921875, 0.984375, 0.984375, 1.0, 1.0, 1.0, 0.9375, 0.75, 0.96875, 0.984375, 0.984375, 0.875, 0.953125, 0.953125, 0.96875, 1.0, 0.984375, 0.984375, 0.953125, 0.875, 0.984375, 0.953125, 1.0, 0.875, 0.984375, 0.9375, 1.0, 0.875, 1.0, 0.953125, 0.984375, 0.75, 0.96875, 0.984375, 0.921875, 1.0, 1.0, 1.0, 0.96875, 0.875, 1.0, 0.984375, 0.984375, 0.875, 0.953125, 0.96875, 0.984375, 0.875, 0.984375, 0.96875, 0.96875, 0.625, 0.984375, 1.0, 0.984375, 0.875, 0.984375, 0.953125, 0.984375, 1.0, 0.984375, 0.921875, 0.96875, 1.0, 0.96875, 0.9375, 0.96875, 1.0, 1.0, 0.953125, 0.96875, 0.875, 1.0, 1.0, 0.96875, 0.75],